Equity,PE,PB,PEG,Free_CASH,SI_INT,DIV_PAY,QUICK_RATIO,ALT_SCORE,MKT_TO_BOOK,DEBT_TO_EBITBA,M3_LOW_VOL
AA,13.6303,0.9526,4.762,3.8061,5.65,,0.6254,1.3175,0.9526,4.0839,FALSE
AXP,9.7721,2.4669,1.147,18.3494,1.83,32.4548,,,2.5057,4.9861,FALSE
VZ,12.5964,12.4342,2.43,10.3192,2.24,38.9538,0.5214,2.364,12.4211,2.2453,FALSE
BA,12.9219,12.5096,1.215,8.5581,2.73,59.5757,0.4161,2.2395,12.5726,1.0742,FALSE
RCL,14.125,1.839,0.423,2.2302,2.06,40.178,0.084,1.6999,1.8559,5.0925,FALSE
CAT,14.7041,2.5139,1.97,8.9703,5.94,,0.838,1.5446,2.5135,6.0446,FALSE
JPM,10.1116,0.9295,1.366,35.3372,1.18,33.5371,,,0.934,,FALSE
CVX,24.4566,1.0223,0,-6.4882,2.09,,0.9141,2.0886,1.0219,2.2273,FALSE
EME,15.5376,1.7836,1.094,8.5718,4.71,9.9569,1.3063,5.4852,1.832,0.8828,FALSE
LII,19.5421,50.3161,0.92,5.0853,5.18,144.3214,0.5603,4.3903,50.7405,2.0209,FALSE
KO,20.901,7.3268,3.649,4.2246,1.96,117.114,0.8853,2.956,7.3691,4.1328,TRUE
DIS,16.767,3.5703,1.788,4.3335,3.5,40.7757,0.7767,4.5624,3.4266,1.1647,FALSE
DD,22.1479,5.2767,2.366,1.5204,2.98,,1.0479,2.4,5.2787,1.928,FALSE
XOM,20.4833,1.9484,2.443,1.1448,2.63,109.8561,0.314,2.6661,1.9517,1.2508,FALSE
GE,23.9214,2.6992,1.969,4.4666,2.61,88.7663,1.2318,1.1294,2.7161,22.1936,FALSE
HPQ,3.3361,0,1.158,17.2271,1.88,23.9722,0.7991,2.7206,-3.2324,2.8253,TRUE
HD,21.0535,22.5701,1.315,5.3984,1.56,68.3077,0.4655,5.5605,22.8564,0.8868,FALSE
IBM,8.2433,8.4012,1.371,11.0731,4.41,28.2735,1.0373,5.781,8.4393,2.1146,FALSE
JNJ,17.2175,3.9486,2.58,5.5799,2.75,65.3958,1.7699,5.7756,3.9655,0.9324,FALSE
ANGO,36.2571,0.6613,1.049,8.8108,7.28,,1.2271,3.2929,0.6639,5.4682,FALSE
MCD,23.5169,14.9698,2.212,4.2915,3.99,67.4764,3.0451,3.7146,15.1585,2.7723,FALSE
MRK,23.7697,3.0603,1.82,8.0341,2.41,100.876,1.0369,2.8277,3.0739,1.9929,FALSE
MMM,20.0422,8.0533,2.061,5.1462,2.15,60.501,0.8528,5.8612,8.1376,1.2883,FALSE
BAC,8.4011,0.5414,0.388,0,0.38,17.2978,,,0.543,,FALSE
PFE,16.5047,2.7776,2.382,7.3064,3.3,280.6364,1.0703,2.2027,2.7767,2.2951,FALSE
PG,21.0226,3.6903,2.769,5.3836,2.66,67.3998,0.5927,3.6309,3.6903,2.1397,FALSE
T,15.1452,1.8359,3.382,8.0971,3.23,73.8692,0.4528,1.8717,1.838,2.7048,FALSE
TRV,9.7016,1.3282,1.302,10.5288,3.3,21.2791,,,1.3655,,FALSE
SBRA,14,0.9526,6.188,12.1989,2.43,120.2204,,,0.9519,7.0002,FALSE
TKR,30.4215,1.7574,0,11.1286,3.63,,1.1561,2.66,1.8171,,FALSE
UTX,13.4329,2.6733,1.487,6.16,5.14,,0.7838,3.0896,2.8286,2.1768,FALSE
WMT,14.8555,2.6161,41.557,7.5534,2.57,47.6059,0.1703,4.4597,2.6161,1.5107,FALSE
CSCO,11.5434,1.8798,1.128,10.9541,1.23,34.8273,0.2217,3.7689,1.8888,1.4909,FALSE
INTC,12.2381,2.1962,1.346,8.5596,2.92,31.3667,1.9212,3.4332,2.1934,0.9981,FALSE
MSFT,20.5431,5.0865,1.993,6.0472,1.14,56.9428,2.7472,4.1743,5.0765,1.9858,FALSE
AIN,18.761,2.2849,1.035,4.1491,2.59,14.483,2.6261,2.8883,2.2836,2.1424,FALSE
C,6.4718,0.54,0.588,32.387,0.92,4.8296,,,0.5447,11.9865,FALSE
OA,16.8507,2.5459,1.169,0,2.95,,1.9466,2.7849,2.5459,,FALSE
AIG,26.0336,0.6958,1.082,4.3029,1.05,,,,0.7209,,FALSE
HON,15.8014,4.3284,1.699,5.4802,1.53,38.4607,0.7549,4.3328,4.33,1.565,FALSE
ATO,22.6911,2.2087,3.58,-1.7046,1.83,41.9396,0.3537,1.359,2.2093,3.505,TRUE
MO,21.5,41.1408,2.514,4.7091,1.77,88.5725,0.3522,4.928,41.1538,1.5047,TRUE
SAIA,12.7674,1.6129,0,8.2018,4.17,0,0.8795,3.6994,1.6126,0.445,FALSE
BOH,16.7096,2.3765,1.735,8.2959,10.15,45.494,,,2.377,,FALSE
BGG,14.7284,1.6618,0.789,9.9359,9.94,46.6201,0.5734,3.1173,1.6453,2.5438,FALSE
B,13.1222,1.4787,1.104,9.6191,3.22,26.4812,1.3688,4.5663,1.5072,2.0674,FALSE
BKH,17.3996,1.817,3.794,-1.0734,6.41,,1.4353,1.0364,1.8166,10.4969,TRUE
MTRN,14.2913,0.9878,1.129,7.9937,7.66,26.8083,1.259,4.1955,0.9878,0.1638,FALSE
IP,8.7874,3.7277,1.539,7.4728,1.22,102.9056,0.9493,1.3736,3.7497,2.9939,FALSE
CBT,16.2567,2.1831,4.95,15.7369,1.3,,0.7348,2.1535,2.1834,,FALSE
CCC,20.2771,2.0254,0.662,0.8895,7.86,33.0288,1.8639,3.9783,2.198,1.1117,FALSE
ENH,8.3427,0.9267,1.033,5.2401,1.56,25.6998,,,0.9243,,FALSE
CSL,17.3472,2.3503,1,8.2159,1.64,24.1975,1.5072,6.695,2.3472,1.186,FALSE
ABT,19.5496,2.5689,1.486,3.3567,2.31,56.0403,1.0389,3.8232,2.6021,2.0744,FALSE
CSH,28.6871,0.7281,4.335,13.8008,5.15,10.1368,3.2584,4.9037,0.7439,1.8799,FALSE
CDI,53.8278,0.4043,0,7.0636,5.28,,2.145,5.2842,0.4043,,FALSE
AFL,8.8949,1.3883,1.052,27.192,2.3,23.8356,,,1.396,,FALSE
APD,19.4945,3.8774,2.893,3.525,1.74,48.0473,0.4388,3.2102,3.8774,2.1582,FALSE
CNL,23.7437,1.9284,7.163,6.3232,4.38,110.7225,0.7492,1.6856,1.9284,2.9019,TRUE
ARG,29.1686,5.1273,0,2.1039,1.96,58.589,0.562,3.3948,5.1381,2.8666,FALSE
CHE,19.965,4.2668,1.772,5.7959,13.69,13.5755,0.7062,10.4677,4.2874,0.4172,FALSE
HOS,6.4624,0.1762,0,-30.6057,6.51,,4.1031,0.8971,0.1755,4.2375,FALSE
CBB,76.5663,0,0,-26.4096,7.66,0,0.6262,-1.6084,-1.444,4.088,TRUE
AEP,17.2498,1.7118,3.081,2.0816,1.94,137.4384,0.31,0.9664,1.711,3.6949,FALSE
CLC,17.1868,2.0444,0,3.8778,6.75,32.8536,1.7664,6.4317,2.0293,1.5917,FALSE
HES,0,0.571,0,-21.319,1.11,50.7332,1.3486,1.1123,0.6209,1.642,FALSE
CMC,9.9993,1.1138,3.171,33.3261,5.88,54.5313,2.6256,3.6182,1.1139,2.9487,FALSE
APC,0,1.4766,0,-42.0593,1.63,127.6758,0.3805,0.1227,1.4762,3.0739,FALSE
CTS,19.3639,1.5543,0.966,6.5471,7.01,,2.0867,2.9968,1.5586,2.6392,FALSE
CW,16.0123,2.305,1.267,4.4891,4.4,8.3122,1.628,4.2791,2.3618,2.3196,FALSE
APOG,17.7941,2.5617,0.851,7.9302,7.25,17.3312,1.6021,7.1303,2.542,0.1745,FALSE
AON,18.1976,4.104,1.384,6.5973,2.63,14.3476,0.2655,1.9091,4.1666,2.3994,FALSE
DBD,12.8949,4.0791,0,-0.9522,9.6,56.4577,0.8029,2.2644,4.08,4.3558,FALSE
APA,0,5.2418,0,-16.3415,2.9,,1.4775,-4.5202,5.2415,,FALSE
DCI,20.7274,5.6085,3.004,3.7677,10.94,58.961,1.0891,4.6716,5.5967,1.8748,FALSE
ADM,12.9935,1.1163,2.886,6.7078,1.85,59.2105,1.0802,3.4479,1.1195,1.9999,FALSE
EXAR,0,1.1722,0.359,0.421,8.5,,2.2073,2.7541,1.1731,1.8967,TRUE
DY,15.7439,2.8497,0.45,-3.0872,4.18,0,1.5198,5.1777,2.814,2.2205,FALSE
GAS,19.947,1.9811,3.079,4.619,1.98,0,1.6776,5.2804,1.9788,2.0114,FALSE
JAH,24.2586,2.654,1.091,4.0363,3.57,,1.1466,2.9369,2.6607,8.473,TRUE
ESE,20.8545,1.503,1.276,6.2327,3.44,23.7853,1.0954,5.5342,1.5032,0.8222,FALSE
ADP,27.0223,8.7973,2.264,4.2929,2.46,71.0393,0.1372,1.3611,8.7734,0.8169,FALSE
ESL,0,1.0348,0.708,0,1.69,0,1.3615,,1.0352,,FALSE
AZO,18.8473,0,1.188,4.6022,5.04,0,0.0866,2.9849,-11.8511,2.1058,FALSE
FSS,13.5839,2.1561,0,10.0044,4.77,0,1.2713,5.8297,2.1666,0.3785,TRUE
AVY,18.3962,5.859,2.558,5.8508,3.81,60.5752,0.77,3.468,5.9329,1.4606,FALSE
FCF,13.5776,1.0249,0,9.1722,12.27,61.8925,,3.4571,1.0249,,TRUE
AVP,87.8991,0,0,-21.3174,5.4,,0.5147,0.7328,-1.3953,8.364,FALSE
PRSC,0,2.5858,1.028,-3.189,9,,0.8901,4.912,2.313,3.4336,FALSE
JACK,22.4065,0,1.356,4.5925,4.58,31.3815,0.2072,2.3931,-41.6108,2.7381,FALSE
BHI,0,1.1194,0,4.5365,1.9,,1.9968,3.1595,1.1171,,FALSE
GMT,11.7972,1.3645,0.651,-15.3419,10.46,27.4227,2.456,0.7417,1.3784,6.3163,FALSE
BLL,19.471,7.4084,2.146,5.3422,6.37,32.2005,0.4566,2.1403,7.3975,5.7612,FALSE
AJRD,30.5143,0,0,2.9451,21.88,0,0.6905,1.2858,-6.6274,6.5992,FALSE
GGG,18.8924,6.2869,1.713,3.5859,9.76,31.3189,1.4274,7.0334,6.3035,1.1784,FALSE
BK,11.7688,1.0286,1.118,9.4277,2.4,29.4761,,,1.0358,,FALSE
HAE,29.759,2.2619,1.47,1.7224,3.42,,1.4483,3.4405,2.2641,6.7764,FALSE
BCR,22.1745,9.1882,1.294,5.1665,1.35,13.2754,1.106,4.6299,9.2118,1.3486,FALSE
POL,13.3078,3.0198,1.179,6.2933,3.77,332.129,1.2584,3.3572,3.0547,3.2854,TRUE
MTX,9.924,1.6542,0.662,12.2347,2.68,10.2959,1.8227,2.3648,1.6525,4.2361,FALSE
BAX,14.042,2.2405,2.289,1.3194,2.02,33.1079,1.5812,2.3263,2.2379,3.3436,FALSE
TPX,31.0239,11.521,0.764,5.0325,3.14,,0.748,4.3535,11.4907,3.8234,FALSE
HE,18.3036,1.6546,3.432,-0.2268,7.11,78.7169,0.2445,0.1036,1.6545,3.8951,TRUE
BDX,20.7958,3.9396,1.342,4.5461,2.84,61.0108,0.6858,2.7314,3.9396,6.0448,FALSE
MTH,9.4951,0.9245,1.479,-1.1545,5.43,0,0.8631,3.0889,0.9244,5.1042,FALSE
BMS,19.0657,3.8224,2.455,7.1089,4.88,47.1268,0.8666,4.0158,3.8575,2.4472,FALSE
HMN,14.0807,0.9238,0,17.183,3.85,49.2464,,,0.9269,,TRUE
BRK/B,0,0,3.3,0,2.82,0,1.706,2.3394,0,1.8229,FALSE
UBA,19.5949,2.156,0,3.327,6.23,37.292,,,2.1069,4.4546,FALSE
BBY,10.69,2.0648,0.898,7.1179,5.02,310.1564,0.5251,4.4215,2.1856,4.4901,FALSE
HUBB,16.2928,2.9892,1.811,4.8924,2.01,16.5618,0.6416,4.7006,2.9872,0.8533,FALSE
KSU,17.4424,2.181,1.501,0.9048,3.21,25.7085,0.4072,2.2553,2.1818,2.2061,FALSE
HRB,23.3168,0,1.548,2.0106,3.07,,0.8076,5.6269,-15.0256,1.656,FALSE
IDA,18.2025,1.7241,0,1.6718,2.66,81.1443,1.7324,3.5409,1.7241,3.0386,TRUE
IT,35.3828,0,2.019,4.4602,5,0,0.7206,3.0891,-50.6527,2.4617,FALSE
BSX,27.7037,3.5946,1.528,1.5472,2.05,,0.656,-0.0434,3.5907,12.8439,FALSE
IEX,19.9295,3.7899,1.311,5.7542,5.86,35.9894,1.8993,7.2005,3.7891,1.6491,FALSE
BMY,28.6205,7.1047,1.188,0.9955,2.87,,0.9003,5.8037,7.1359,2.9519,TRUE
INT,13.26,1.3451,3.715,9.1201,3.26,8.0502,1.3587,10.1913,1.3449,2.4838,FALSE
BF/B,28.8735,13.608,3.161,1.8412,6.39,32.1387,0.8159,7.5293,14.2028,1.6409,TRUE
HR,29.0165,2.2734,0,-0.4338,2.98,36.001,0.8609,7.172,2.2537,1.5916,FALSE
COG,208.0325,4.0354,0,-3.6357,1.92,,0.5017,,4.0354,3.3462,FALSE
AXE,9.5477,1.0939,1.438,4.8606,2.26,0,1.2781,3.7115,1.0838,5.1826,FALSE
CPB,19.8518,11.5845,6.357,5.2668,4.31,50.5155,0.376,3.9512,11.6231,2.992,TRUE
GXP,21.1314,1.2225,3.081,1.6248,2.1,36.4981,0.4193,0.8667,1.2222,4.4441,TRUE
CCL,15.8992,1.3955,0.725,6.7387,2.45,86,0.2005,2.6447,1.4177,2.0916,FALSE
KMT,7.8085,1.2437,3.835,15.2645,1.29,,1.196,2.2528,1.2438,,FALSE
CTL,14.8738,0.9596,0,16.5364,5.47,86.5286,0.4494,1.2656,0.9688,2.9769,FALSE
LZB,13.3294,1.8448,0.776,6.701,6.51,19.3633,1.4012,6.8816,1.856,0.0371,FALSE
LG,20.6181,1.7885,4.039,3.4542,7.24,22.9389,1.5516,6.1445,1.7888,0.006,FALSE
CI,15.3196,2.7323,1.246,6.7155,1.67,0,0.2382,,2.7436,1.3093,FALSE
LDL,12.8835,1.8362,0.654,3.5287,3.26,0,2.5911,6.5707,1.8256,0.2936,TRUE
FTR,79.693,0.8989,0,9.3447,9.3,,0.7961,1.0534,0.8989,7.6959,TRUE
MDC,14.0479,0.7693,0.565,-0.129,3.5,53.9815,1.9662,2.7628,0.7712,9.0325,FALSE
ALE,17.9301,1.4742,0,1.9813,5.17,135.2186,0.7923,1.1386,1.4702,4.2413,FALSE
VASC,23.0478,3.4341,0.931,1.0237,4.67,0,3.6388,23.9202,3.4282,0,TRUE
CLX,26.0239,84.0691,3.678,4.4116,3.28,65.5629,0.6362,5.737,84.1265,1.8501,FALSE
MLI,17.6563,1.7653,0,9.0738,2.89,29.3298,2.5136,5.4338,1.7653,1.2568,TRUE
CMS,21.0952,2.8065,3.091,-0.096,2.92,75.4717,0.5274,0.8421,2.8134,4.9733,TRUE
NFG,16.319,2.1009,0,-4.7588,5.16,,0.6019,0.4065,2.1021,,FALSE
CCE,18.5042,11.3122,3.711,5.6798,2.13,41.0256,0.688,2.2719,11.2931,3.3868,TRUE
NPK,13.8337,1.6483,0,7.1049,11.05,0,3.2414,2.3198,1.6478,0,FALSE
CL,23.4075,0,2.745,3.8006,2.86,,0.6955,10.7766,-197.6228,2.0293,FALSE
NJR,20.8913,2.6472,0,2.5988,3.64,42.2678,0.3599,1.8267,2.6507,5.2795,TRUE
BKS,0,0.9384,1.586,-17.9698,3.6,14.3799,0.0691,2.3874,0.9705,1.1706,FALSE
CMA,11.6073,0.7542,1.285,12.9602,2.13,28.6822,0.1025,2.2054,0.7586,0,FALSE
OGE,15.3684,1.5779,0,6.0527,2.87,186.7942,0.4032,1.1983,1.5779,3.4921,TRUE
CA,16.0494,2.1754,1.317,8.47,3.36,47.9452,1.0756,3.9979,2.1982,1.3629,FALSE
OLN,15.1067,0.8805,2.098,5.9686,2.14,,1.0241,0.8897,0.8806,11.6568,FALSE
CSC,6.9507,1.9294,3.107,14.2416,1.71,11365.4843,1.3534,2.5828,1.9289,2.4805,FALSE
CAG,18.2355,5.0192,2.089,5.4905,1.92,67.1933,0.2505,2.5586,5.0192,14.3548,TRUE
OMI,18.5067,2.3404,2.707,10.7979,7.6,49.108,0.7042,6.2586,2.3435,2.1497,FALSE
ED,18.1449,1.6524,6.166,0.0178,6.3,107.9545,0.4992,1.0256,1.6535,4.0129,TRUE
OXM,18.0452,3.1674,1.296,3.0711,4.53,23.4505,0.5442,6.2997,3.1675,0.5225,FALSE
SCI,17.785,3.657,1.569,7.1973,3.8,32.548,0.5073,0.7335,3.6707,0.3283,TRUE
BIG,12.1695,2.5018,0.939,0,11.53,9.8507,0.0844,,2.4994,0.9257,FALSE
PKE,16.6582,1.7125,0,4.6799,5.66,49.2894,0.0798,3.0897,1.7125,3.4359,FALSE
AFG,12.23,1.2666,1.488,21.4222,1.29,157.6558,,,1.2648,,FALSE
GLW,17.8913,1.2658,1.823,7.055,3.29,68.76,2.1222,2.1579,1.3252,1.7885,TRUE
PVH,9.9711,1.2725,1.432,10.8404,0.67,1.3925,0.874,4.3281,1.2797,4.0038,FALSE
CMI,11.1506,2.3464,2.527,7.4541,2.45,2.3025,0.7947,3.9127,2.3911,3.1602,FALSE
PNY,29.9526,3.1786,4.702,-2.2166,3.83,27.3331,0.1423,1.2514,3.1855,5.853,TRUE
AEL,5.8099,0.587,0,44.7808,7.67,53.2368,0.3181,1.1421,0.5884,7.5038,TRUE
DHR,21.7377,2.4697,1.438,5.339,2.19,12.6223,0.7706,5.8053,2.4643,2.8373,FALSE
PCH,34.641,5.3952,5.372,2.8145,5.65,431.8047,0.2644,1.3952,5.3948,6.534,FALSE
TGT,14.8262,3.247,1.383,10.0879,7.75,73.9496,0.1427,3.5701,3.3216,1.7891,FALSE
RJF,12.855,1.3114,0.702,13.0824,2.39,24.2787,0.3206,,1.289,1.6482,FALSE
DE,14.1054,3.7359,3.33,1.5259,11.67,55.1822,0.3749,0.8995,3.7466,7.6096,FALSE
RLI,24.0364,3.2145,0,5.3962,7.86,74.7248,0.4084,,3.2027,7.7923,FALSE
D,20.4655,3.3146,2.734,-2.6199,3.78,108.225,0.2225,1.027,3.3109,5.5622,FALSE
RRD,8.1556,3.9668,2.106,16.2428,7.26,76.6085,1.0225,2.2754,3.9649,3.2868,FALSE
ROL,35.7841,10.3765,1.916,2.8843,7.28,123.9261,0.9023,16.145,10.3783,0,TRUE
DOV,15.0657,2.4723,1.439,8.7245,3.54,47.6622,1.0845,5.3844,2.4717,2.2186,FALSE
DOW,13.2487,2.4352,2.271,7.2637,2.22,14.4169,1.1284,2.7694,2.526,1.7669,FALSE
SJI,17.9994,1.7913,0,-8.7929,5.6,35.9925,0.2726,0.8808,1.7492,5.9191,TRUE
DUK,17.8323,1.3669,3.55,-0.165,2.38,118.2922,0.1368,0.7431,1.3676,4.8109,FALSE
SWX,20.9038,1.7758,4.111,2.1537,4.86,29.0199,0.7947,1.2497,1.7757,2.8448,TRUE
ETN,11.7608,1.646,1.52,7.3708,1.2,47.7011,0.8484,4.0134,1.6603,2.5862,FALSE
SMP,16.5008,2.0187,0,5.9004,6.56,58.7938,0.5848,4.8988,2.0207,0.5081,FALSE
ECL,24.5661,4.5921,1.746,3.8784,4.51,49.5596,0.5212,4.2763,4.5813,2.6708,FALSE
CAA,11.0391,0.903,0.43,-15.2303,8.87,0,0.1873,2.3009,0.903,8.5749,FALSE
PKI,21.1283,2.2545,1.368,5.3797,2.73,11.5055,1.2056,6.2374,2.2525,2.4984,FALSE
SXI,14.0039,2.334,1.175,7.712,2.48,14.2767,1.6941,6.394,2.3591,1.1127,FALSE
EMC,19.0667,2.2215,1.19,9.5477,1.26,30.9987,1.0285,3.6737,2.2178,1.4264,FALSE
SF,12.264,0.8205,0.762,-22.1538,4.66,0,,,0.8509,10.6444,FALSE
EMR,14.5782,4.0461,2.076,5.8807,3.7,88.8252,0.8475,4.7374,4.0462,1.527,FALSE
RGR,19.3903,5.1365,3.189,7.172,5.39,27.3418,1.7415,,5.1332,0,TRUE
EOG,0,2.7865,0,-3.9631,2.76,,0.9065,1.7151,2.7858,,FALSE
SUP,17.3777,1.1766,1.572,4.0407,4.81,58.1557,2.2417,5.086,1.1853,0,TRUE
ETR,11.8103,1.3632,7.376,1.8756,2.37,152.2797,0.7254,0.5946,1.3632,7.618,FALSE
EFX,25.7312,4.7883,1.348,5.3881,3.56,30.7364,0.7339,9.625,4.7792,1.3371,FALSE
THO,10.8127,2.2591,0.687,7.638,6.71,31.0292,1.146,9.8898,2.2591,0,FALSE
EQT,86.0097,1.7116,0,-14.0132,1.39,34.7913,1.2454,1.4546,1.7114,0,FALSE
WBA,16.4303,2.649,1.328,4.4181,2.38,35.3189,0.5565,5.4764,2.6321,2.1039,FALSE
TR,30.0189,2.773,0,3.8543,61.06,27.0618,3.0434,7.2253,2.7912,0.0728,TRUE
XL,14.7375,0.8774,1.144,5.9367,2.47,26.0021,,,0.8864,,FALSE
TTC,19.335,8.5077,1.265,5.1285,3.23,70.1155,0.6703,7.2488,8.5733,1.0439,FALSE
TG,12.0593,1.5278,0,9.9668,10.09,42.0371,0.5604,6.5756,1.5274,1.1204,FALSE
FDX,13.0031,2.3944,0.823,1.7648,2.29,10.0941,1.5984,3.3924,2.386,1.8435,FALSE
UGI,18.3024,2.2777,2.172,10.4008,2.86,13.4122,0.676,2.0929,2.2777,1.9096,TRUE
M,10.2478,2.8847,1.471,9.8939,2.13,99.2441,0.0864,2.9646,2.9225,2.2596,FALSE
UNF,16.4394,1.5762,1.658,6.3562,3.94,20.6603,0.291,7.8293,1.5768,2.4635,FALSE
FMC,14.6087,2.4737,1.8,-10.1034,6.39,,1.328,2.1817,2.4731,32.8076,FALSE
UNT,0,0.2867,0,-31.308,5.15,,0.5353,-0.9506,0.2867,,FALSE
F,5.9274,1.573,0.525,27.7623,2.97,22.4105,0.5168,0.8442,1.5727,8.5092,TRUE
SXT,17.9605,2.9132,0,1.8904,4.86,62.7528,1.1462,4.7083,2.9419,2.9612,FALSE
MDLZ,22.0585,2.0898,1.811,3.7761,1.07,,0.4124,3.4187,2.1019,1.5727,TRUE
NEE,20.5403,2.3556,2.936,-4.4272,3.06,70.1657,0.233,1.0838,2.3533,3.789,FALSE
UHT,26.736,3.2518,0,5.2034,7.92,197.2052,,,3.2515,5.8995,TRUE
BEN,10.3214,1.6213,2.929,9.7031,3.49,24.1672,,,1.6143,0.684,FALSE
UVV,16.2041,1.035,0,15.0311,11.72,29.4759,1.4973,3.5653,1.035,2.1824,FALSE
FCX,0,0.7959,0,-58.322,3.81,,0.212,-0.8818,0.7383,,FALSE
TGNA,10.5986,2.1424,1.59,9.7363,7.02,19.8199,1.1298,5.8113,2.1613,3.1514,FALSE
WGL,19.0469,2.6248,2.696,0.0657,7.14,33.7911,0.3757,,2.6256,3.9393,FALSE
GPS,9.7105,3.6299,1.193,9.1878,5.51,37.6532,0.3764,4.8221,3.6748,0.7644,FALSE
AVA,19.9813,1.5454,3.645,-0.7912,7.93,42.9907,0.5404,0.9796,1.5452,0.8123,TRUE
GD,14.6112,3.8513,1.576,4.5215,1.7,28.2954,0.5007,4.0448,3.8288,0.7294,FALSE
WRI,26.9821,3.108,0,-1.4329,4.06,90.0226,,4.1614,3.1078,6.3916,FALSE
GIS,19.1426,5.9114,2.475,6.402,3.53,49.8085,0.4248,4.9407,5.9119,2.8099,FALSE
WST,39.2757,3.9218,1.512,2.0121,8.99,72.4534,1.4508,6.0639,3.9103,2.7532,TRUE
GPC,18.6185,4.1205,2.686,8.0187,5.67,57.4116,0.5162,5.2467,4.1393,0.4939,FALSE
WWW,11.2964,1.6858,1.136,10.3754,4.05,52.2124,1.3954,4.9241,1.7616,3.2826,FALSE
ASGN,20.2277,2.1337,0.614,5.6125,2.8,0,2.3616,8.22,2.1246,3.7093,TRUE
BOBE,24.7022,3.3842,1.905,8.7123,10.16,110.4183,0.2294,2.3325,3.5091,4.3471,FALSE
GWW,17.5895,5.7411,1.794,4.5327,10.33,54.4063,0.2318,5.7821,5.8114,4.1673,FALSE
CBRL,18.5722,5.6704,1.797,5.6096,12.82,64.486,0.4236,,5.6702,1.1804,FALSE
HAL,18.9419,1.6381,7.879,2.8635,2.95,54.5823,0.5747,2.5407,1.6426,1.179,FALSE
HNI,12.1911,2.909,0,6.5438,7.05,36.3063,0.6337,4.9075,2.9105,0.8634,FALSE
HOG,10.6643,3.8872,0.859,10.4662,6.78,139.3523,1.1147,1.8245,4.0371,5.0898,FALSE
KELYA,12,0.7075,0,1.0077,5.85,5.5556,1.448,4.3506,0.7049,0.6236,FALSE
HAR,12.6144,1.9676,0.618,2.7202,2.34,22.3455,0.7359,3.9044,1.9677,1.4893,FALSE
LNCE,32.1611,1.9114,0,4.5753,10.05,160.6475,1.1815,5.1391,1.9114,2.4149,FALSE
JOY,8.4056,0.7831,2.651,40.5246,5.5,,1.0044,0.7111,0.7831,,FALSE
MENT,15.5216,1.4432,1.068,9.5932,4.59,43.7263,0.9487,0.9719,1.4751,1.0079,FALSE
HRS,13.5697,2.7833,0,10.8634,1.84,10.6259,1.9561,3.1604,2.7887,1.3803,FALSE
MLHR,11.8515,2.9555,0,6.3045,3.9,25.5447,0.7511,6.0988,2.9501,1.0822,FALSE
HCP,15.5576,1.4114,5.516,-4.0321,2.22,31.6599,,,1.4115,25.8873,FALSE
SON,15.9051,2.6855,3.161,6.3626,4.63,63.9356,0.8785,4.119,2.6854,1.8955,FALSE
HP,38.7595,1.0738,0,8.8574,7.51,474.1543,3.1063,,1.0738,0.5349,FALSE
ESND,15.935,1.4249,0.58,12.7829,11.39,,1.0522,4.2602,1.4301,8.6911,FALSE
HSY,21.6766,19.51,2.528,4.5098,3.47,59.3527,0.4263,4.9355,19.5115,1.8727,FALSE
AAON,24.2374,5.9555,1.358,2.9395,15.53,45.6048,1.6216,5.0765,6.0769,0,TRUE
FL,14.8026,3.4145,1.025,5.8294,9.99,43.75,1.3303,8.9783,3.4216,0.1372,TRUE
HRL,29.1862,5.2717,3.82,3.9926,4.18,21.9778,1.4586,10.4323,5.2626,0.132,TRUE
ABAX,34.0163,3.7699,1.396,2.053,6.25,32.583,0.9116,25.5526,3.7551,0.0082,FALSE
HOT,19.3225,7.969,2.677,6.109,2,37.9518,0.7916,2.5673,7.9803,2.3127,FALSE
ARCB,11.2802,0.8565,0.517,13.3257,2.06,42.415,1.2874,3.733,0.8565,1.2609,FALSE
CNP,16.8767,2.3047,3.114,3.5237,2.06,,0.7868,0.7393,2.3061,4.6316,TRUE
PNRA,29.159,9.1851,2.039,2.0027,2.29,0,0.7012,6.0799,9.3532,1.0775,FALSE
LECO,16.0977,4.238,1.766,6.277,4.74,42.5518,1.5371,5.7683,4.3705,1.4433,FALSE
HUM,21.4923,2.2865,1.494,1.465,1.94,42.5743,1.3492,4.9955,2.2855,1.6071,FALSE
ACAT,0,0.9624,1.824,-18.5633,3.96,,0.5384,4.1884,0.9624,,FALSE
ITW,17.6019,6.2911,2.147,6.0784,4.31,44.4444,2.2352,5.4003,6.2873,2.2195,FALSE
IR,13.8831,2.2524,1.498,4.5147,0.86,32.8106,0.7914,4.5707,2.2507,2.3264,FALSE
AVD,57.2273,1.3691,2.268,19.8586,11.91,0,1.0272,3.9305,1.3679,2.055,TRUE
IPG,16.949,4.2053,2.373,6.3078,2.01,18.5555,0.7741,1.8309,4.2382,1.7128,TRUE
HWAY,294.1253,1.4514,2.843,6.4803,6.75,,0.6786,2.8897,1.4497,4.4906,FALSE
IFF,22.2694,5.8787,2.671,3.5407,3.34,62.5657,0.97,5.8663,5.8954,1.6035,FALSE
AIRM,13.8479,2.6241,0.722,1.4519,42.63,0,2.5531,3.1252,2.6443,2.4803,TRUE
AAN,10.8962,1.1135,0.733,6.9945,2.46,8.3536,0.4936,4.4197,1.1134,1.9309,TRUE
JEC,10.7881,1.0123,1.661,6.8243,2.42,0,1.6068,4.8993,1.0103,1.2725,FALSE
JCI,10.3518,2.1799,0.974,2.5578,1.84,41.7407,0.545,5.4097,2.1799,2.4901,FALSE
K,20.1487,11.7442,4.777,4.512,2.38,,0.246,3.1443,11.891,4.7748,FALSE
CIEN,54.4333,3.8993,0.775,8.1128,5.63,,2.2141,-0.9384,3.8526,5.394,FALSE
KMB,22.606,0,2.564,2.6257,2.82,96.3243,2.4327,3.4527,-272.8508,5.0181,FALSE
BEAV,13.5615,76.4424,0.875,5.4058,2.58,23.5012,0.6187,3.9455,77.4246,3.7837,FALSE
KIM,12.8071,2.6307,5.255,-3.3196,3.05,29.1581,,,2.63,7.8133,FALSE
BELFB,9.6308,0.7553,0,0,9.76,29.5892,1.3201,,0.7348,,FALSE
KSS,10.26,1.4024,1.553,10.1918,2.6,71.625,0.1272,2.9423,1.4312,1.9888,FALSE
KR,17.6626,5.2317,1.575,4.2162,3.09,28.4291,0.2605,4.943,5.2735,1.893,FALSE
BHE,13.3087,0.8074,0,10.0862,2.67,18.1449,0.1549,4.2905,0.8131,2.1322,TRUE
LM,8.3653,0.6517,0.411,15.9738,1.99,,,,0.6517,5.3602,FALSE
BIO,31.454,1.4696,3.07,2.0387,9.88,0,2.6685,4.4123,1.4665,1.4604,FALSE
LEG,17.2147,5.1162,0,4.4447,4.5,55.6124,1.103,5.3985,5.1349,1.5821,FALSE
BKE,9.3693,3.3647,1.393,0,16.08,30.8049,1.4976,,3.3665,0,FALSE
LEN,11.2056,1.4361,0.541,-6.7452,6.6,110.6388,1.9261,2.7647,1.3979,4.4483,FALSE
LUK,17.0158,0.5216,0.903,-18.8453,4.53,5.8382,0.8132,0.4252,0.5211,19.7378,FALSE
BMI,32.5144,3.8708,0,1.8059,9.71,52.5104,0.6199,7.3209,3.8676,1.1333,FALSE
LLY,25.6507,5.5934,1.762,2.1793,2.72,111.2973,0.9577,4.3887,5.6076,1.9379,FALSE
BRC,10.7456,1.9107,1.547,10.5182,8.24,54.5367,1.5873,4.9267,1.9234,1.6954,FALSE
LB,20.633,0,1.774,4.7884,2.42,66.7103,1.7235,4.9883,-91.982,1.6404,FALSE
LNC,5.5979,0.6052,0.518,26.6205,1.46,21.7371,,4.9841,0.6143,,FALSE
L,20.4311,0.7041,0,15.6125,3.87,,,,0.7341,,FALSE
CATO,13.7339,2.2486,0,7.2785,3.64,100.8188,1.714,6.2252,2.2506,0,FALSE
LOW,19.4598,7.6269,0.954,5.9289,0.83,72.9991,0.1139,4.204,7.6697,1.818,FALSE
CAKE,19.7335,3.9172,1.248,3.5444,8.33,35.8882,0.0679,4.0568,3.9273,1.9288,FALSE
WRB,14.9931,1.3775,1.664,12.8771,6.03,13.4807,,,1.3772,,TRUE
HST,18.8767,1.4711,3.177,3.3221,4.41,92.4172,,,1.4736,2.9407,FALSE
MMC,18.3022,4.4297,1.412,5.4065,2.48,43.2674,1.3066,4.6816,4.4276,1.5531,FALSE
CASY,19.9768,4.2048,1.914,1.4346,4.33,10.8569,0.2441,5.4462,4.2001,1.5411,FALSE
MAS,24.0746,0,1.234,6.3733,2.03,22.5399,0.2154,3.2399,-63.2817,3.2507,FALSE
CATY,13.7286,1.2631,1.658,7.871,5.42,35.1703,,,1.2662,,FALSE
MAT,23.3778,4.0211,2.483,4.5192,3.72,59.7861,1.2384,3.6314,4.017,2.6252,FALSE
WLTW,16.3471,3.4057,1.436,1.2834,2.29,,0.1398,0.7271,6.8547,5.4615,FALSE
CBM,17.2219,3.8415,1.077,1.8103,3.83,0,1.0392,7.0452,3.8415,0.2654,TRUE
MHFI,18.6064,114.2684,1.414,0.3061,2.05,35.7278,0.8521,5.1809,116.4659,1.7411,FALSE
CBU,15.551,1.3731,0,7.055,12.87,67.6369,,,1.3639,,FALSE
MDT,26.4389,2.0149,2.078,4.6969,2.56,103.2504,2.741,5.0066,2.0222,5.6162,FALSE
CDR,86.7459,1.4642,0,8.3402,5.42,48.8135,2.7207,,1.4642,7.9219,TRUE
CVS,18.6445,2.6791,1.098,5.9884,2.5,25.8472,0.623,5.9888,2.673,2.3787,FALSE
MU,5.5933,0.8789,0,3.6362,2.34,0,1.3863,2.3475,0.8388,1.5037,FALSE
CGNX,25.8876,3.1767,1.77,3.7783,8.96,31.5026,7.2452,26.8197,3.1763,0,TRUE
MSI,19.4955,0,1.712,7.0066,4.55,21.4679,1.5239,1.6369,-103.6717,3.8408,FALSE
CHCO,14.1334,1.571,0,6.8272,14.89,47.7174,,2.3129,1.5835,,FALSE
MUR,0,0.579,0,-43.3312,3.54,,0.5313,0.1927,0.579,,FALSE
CKP,21.249,0.9186,0.788,7.5723,7.22,,1.3574,1.5846,0.9224,7.2863,FALSE
MYL,18.7541,2.5495,1.054,6.7659,5.11,0,0.9522,3.4202,2.5553,2.9578,TRUE
CLH,28.1505,2.2522,2.031,5.5634,5.75,0,1.3164,2.5905,2.252,3.0382,FALSE
LH,16.6015,2.1006,1.018,6.8999,2.93,0,1.1368,4.5121,2.0985,4.3937,FALSE
THC,16.2873,3.4509,0.543,7.567,6.21,,0.7103,1.2427,3.492,7.8305,FALSE
CMTL,17.9266,0.7491,0,16.9849,3.81,337.13,3.7914,5.9193,0.7486,0,FALSE
NWL,17.0149,5.0233,1.759,3.8651,6.83,196.1147,3.6224,4.0814,5.0214,0,TRUE
CNMD,21.7464,1.7315,1.475,3.271,5.86,70.5731,1.7238,4.3226,1.7312,2.849,FALSE
NEM,24.8768,1.134,0,5.9901,0.96,,2.2924,1.2183,1.1328,2.5962,FALSE
CMN,43.4359,5.6585,1.742,2.2217,4.18,17.3775,1.3993,10.6517,5.6587,1.3398,TRUE
FOXA,14.9234,3.2136,0.863,5.4438,1.84,0,1.4767,3.0006,3.1957,1.1451,TRUE
COHU,91.4588,1.2749,1.639,4.9393,8.59,68.7537,2.7987,4.4023,1.2685,0,FALSE
NKE,27.0949,7.0903,1.678,3.5432,1.22,34.7822,1.7334,10.4368,7.0743,0.4285,FALSE
COLB,15.2338,1.2966,1.595,6.1469,6.5,28.5272,,,1.2967,,FALSE
NI,17.6131,1.7635,0,-15.591,2.17,153.4596,0.2654,0.5478,1.761,4.4871,TRUE
BH,5.793,1.5101,0,4.1284,9.88,,,,1.5101,,FALSE
NBL,59.4496,1.1599,0,-8.7797,2.71,,0.8188,0.8277,1.15,14.1707,FALSE
NSC,13.8049,1.745,2.665,2.2608,1.37,48.6873,0.9175,1.6817,1.7474,2.5597,FALSE
CRUS,17.2728,2.3659,0.646,8.5606,3.26,0,1.9983,5.503,2.3659,0.656,TRUE
ES,19.4078,1.6757,2.742,-1.7278,2.62,72.902,0.3352,1.1021,1.6757,4.1574,FALSE
CRVL,30.7941,6.4124,0,3.3544,4.37,0,1.1166,9.6552,6.4023,0,FALSE
NOC,18.6132,6.1503,2.652,5.0286,1.69,31.7734,0.9456,4.6266,6.138,1.8109,FALSE
WFC,11.2198,1.3862,1.193,7.6074,1.09,36.8441,,,1.3904,,FALSE
ASNA,9.8606,0.7038,0.399,4.0387,8.43,,0.3174,2.2353,0.711,,TRUE
NUE,22.4541,1.6681,1.749,14.2945,2.61,,0.3094,2.3371,1.6767,2.7969,FALSE
DGII,28.5717,0.7474,1.08,4.1382,3.3,0,6.9556,8.2048,0.7493,0,TRUE
OXY,271.5473,2.0446,0,-4.056,2.31,,0.9019,1.7804,2.0456,,FALSE
DIOD,24.3024,1.0897,0.557,-1.7121,9.82,0,2.792,2.6524,1.0997,3.5844,FALSE
OMC,16.2404,7.0002,2.611,11.3486,6.58,36.9479,0.692,2.1701,6.997,2.0933,FALSE
OKE,14.1177,12.885,1.867,-4.1944,3.08,469.9111,0.4222,0.875,12.8571,6.6484,FALSE
DW,17.2664,3.0248,0.877,4.9769,4.45,297.3978,0.5443,10.2336,2.999,0.3167,FALSE
OI,7.7537,4.6769,0.688,9.6038,2.64,,0.4529,0.9244,4.6733,5.6236,FALSE
WEN,19.8999,3.5119,4.883,-0.686,4.3,18.4905,1.6076,0.6339,3.5269,5.482,TRUE
PCG,17.9109,1.6599,2.906,-5.6781,1.42,167.9104,0.6409,0.7887,1.6546,4.1769,FALSE
EGP,33.8581,2.928,7.553,-1.224,6.62,168.7398,,,2.9279,6.7754,FALSE
PH,15.3081,2.8074,1.966,6.7658,3.16,46.8461,1.5126,4.3347,2.8074,2.0486,FALSE
PPL,15.3837,2.4545,3.246,-3.9429,2.06,62.7329,0.5214,0.9216,2.4508,5.0542,TRUE
ESIO,0,1.2653,1.761,-3.6551,2.96,,2.2089,2.8118,1.2489,,FALSE
JCP,0,1.7281,0,5.2417,9.2,,0.2254,1.1554,1.7276,9.9867,FALSE
PEP,21.2393,11.9769,3.477,5.4327,2.25,60.4665,0.3731,4.0635,12.0501,10.8977,FALSE
EZPW,0,0.2104,0,-56.9472,8,,1.2579,2.4538,0.215,13.4802,FALSE
EXC,12.8334,1.1393,1.985,-0.8073,2.31,94.1176,1.1851,0.8877,1.1387,3.1355,FALSE
EXPO,29.7429,4.6428,2.104,4.3714,3.87,39.2589,2.9072,8.7767,4.6477,0,TRUE
COP,0,1.0438,0,-5.9436,1.57,,0.7219,0.5629,1.0427,12.0718,FALSE
MNTA,0,2.022,0,-11.4703,8.64,,9.5258,11.034,2.0197,,FALSE
FNB,13.7822,1.0115,0,10.0364,2.57,57.2036,,,1.0093,,TRUE
PHM,11.689,1.1738,0.846,-6.9147,2.87,13.8534,0.4065,2.739,1.1738,2.6747,FALSE
FMER,14.2974,1.1241,0,8.6593,2.13,51.2284,,,1.1241,,FALSE
PNW,17.5141,1.658,3.547,0.0116,2.12,168.9523,0.2824,0.9877,1.656,2.6783,FALSE
FELE,18.7295,2.2691,1.387,5.6719,8.3,27.3288,1.4434,4.4987,2.276,1.7566,FALSE
PBI,9.541,18.2778,0.633,10.4699,4.89,45.9436,0.9478,1.6608,18.4208,3.5726,FALSE
FFBC,12.5562,1.2155,0,8.6314,2.6,49.6367,,,1.2156,,FALSE
PCL,33.2987,4.3467,2.014,5.8722,1.7,226.4706,0.1791,1.3609,4.3442,8.0541,FALSE
FBP,40.2206,0.2971,0,51.5195,3.66,0,,,0.297,,FALSE
CGI,14.0446,0.6925,0,-27.6274,6.77,8.3084,0.6911,1.7049,0.6925,3.4191,TRUE
PNC,11.4937,1.0041,1.437,13.0705,1.71,26.8533,,,1.0117,,FALSE
FICO,29.933,6.7906,1.213,5.2076,6.07,3.2327,0.9453,3.2603,6.7918,3.5035,TRUE
PPG,15.896,4.8732,1.732,5.5404,1.74,30.8637,0.8308,3.8735,4.9169,1.7865,FALSE
FINL,14.1751,1.42,1.558,6.7212,4.54,107.8122,0.2903,4.9473,1.42,0,FALSE
PX,18.1134,6.7387,1.697,3.8351,3.69,48.3412,0.9234,2.6491,6.7379,2.6936,FALSE
SPN,0,0.6237,0,16.5815,3.06,,2.2126,-0.4729,0.6232,,FALSE
FMBI,14.3306,1.1119,0,11.6858,4.32,43.4624,,,1.1129,,FALSE
PGR,15.2263,2.4723,1.686,11.9466,2.49,157.3974,,,2.4763,,TRUE
FRED,0,1.1812,3.743,0,18.73,155.0474,0.1906,5.0399,1.1826,0.6297,TRUE
PEG,14.3534,1.6412,3.967,0.2571,3.91,63.754,0.4641,1.322,1.6411,1.5076,FALSE
FUL,17.9193,2.072,0,8.076,4.73,26.0838,1.3844,3.9051,2.072,2.9979,FALSE
RTN,22.0998,3.7313,2.342,5.094,1.28,34.33,0.5224,4.9806,3.7575,1.522,FALSE
FULT,14.1644,1.057,2.59,6.8969,4.49,40.5704,,,1.056,,TRUE
RHI,14.2082,4.9939,1.004,7.2114,1.02,27.8613,1.4175,10.5881,5.0522,0.0018,FALSE
GBCI,14.9318,1.6409,1.399,8.7379,7.63,126.0262,,,1.6409,,FALSE
RDC,3.4095,0.312,0,18.1886,4.72,10.1125,2.6772,1.3709,0.312,3.8474,FALSE
GVA,28.8827,1.732,0,1.5622,7.29,17.8603,1.3276,4.13,1.7307,1.4896,FALSE
R,11.9269,1.498,1.191,-41.6738,2.13,28.8944,0.5335,1.0793,1.4962,3.0327,FALSE
GK,20.6118,3.2037,1.327,3.9472,4.86,39.93,0.8547,4.6216,3.2023,1.8355,FALSE
GNCMA,45.7661,7.493,0,10.0184,4.81,,1.2975,1.3471,7.5573,4.9187,TRUE
SCG,17.1537,1.7151,3.004,-1.0077,5.15,79.4699,0.3489,1.1687,1.7141,3.7915,TRUE
GNTX,12.4686,2.2867,1.118,6.3878,6.95,28.0261,5.7407,10.3426,2.2882,0.4322,FALSE
EIX,15.6151,1.8171,2.97,3.1836,1.66,,0.3038,0.8673,1.8171,2.9773,FALSE
HVT,15.1003,1.3122,0,6.24,9.21,24.1303,0.9507,4.5971,1.3157,0.7246,FALSE
SLB,20.8824,2.3898,4.111,7.4477,4.53,,1.5448,3.5779,2.3876,2.6884,FALSE
HBHC,13.9627,0.7322,1.359,11.6747,9.47,121.582,,,0.7313,,FALSE
SCHW,23.2137,2.5859,0.817,3.1734,1.72,21.164,,,2.5785,2.0789,FALSE
SHW,22.1957,26.8297,1.333,5.2272,2.32,31.6394,0.6163,6.3509,27.0781,1.082,FALSE
HCSG,41.2966,8.2007,1.995,2.4061,15.43,142.7305,3.3055,13.3895,8.1931,0,FALSE
SJM,29.4904,2.0807,1.784,7.3148,4.02,45.3618,0.6572,4.1628,2.0805,4.636,FALSE
HELE,18.9776,2.5402,1.088,6.9433,5.37,43.0882,1.0549,6.5921,2.5404,3.8504,FALSE
SNA,16.763,3.2689,4.436,5.2758,1.92,26.9406,1.6444,5.4116,3.2667,1.0387,FALSE
HGR,0,,,,,,,,0,,TRUE
SO,17.071,2.1781,3.787,-2.8827,3.25,182.3681,0.3623,0.9935,2.1717,4.304,FALSE
BBT,11.4669,1.0011,0.987,11.9838,3.07,37.3033,,,1.0009,,FALSE
HMSY,37.0072,1.7192,0.951,6.5946,10.33,0,3.5521,4.5776,1.7605,2.0148,FALSE
LUV,10.0055,3.1025,0.545,5.0457,2.9,7.2537,0.476,3.0398,3.0568,0.6888,TRUE
GPI,7.6219,1.3584,0.44,1.4569,2.66,,0.0631,4.1858,1.3746,8.53,FALSE
SWN,60.8851,5.8619,0,-25.2288,5.04,,0.4837,-2.1145,5.7775,,FALSE
HTLD,33.2293,3.4152,9.913,-1.7168,11.11,9.9207,1.4243,6.2133,3.4152,0,TRUE
VVI,17.4945,1.6758,0.836,5.7526,3.32,,0.8101,2.7102,1.6736,1.6741,FALSE
SWK,14.758,2.4007,1.382,6.6345,2.2,30.0335,0.6283,3.72,2.3349,2.2221,FALSE
ICUI,27.4653,2.4276,1.6,3.0222,1.77,0,10.2127,26.0817,2.4111,0,FALSE
PSA,38.3723,7.8733,0,3.136,2.45,96.935,,,7.8839,0.1917,FALSE
IDTI,16.0924,3.8907,0.543,8.0012,1.35,0,3.8478,3.2082,3.8473,1.5564,TRUE
CAL,12.0971,1.7864,0,7.0468,3.88,9.2953,0.6238,4.9357,1.7864,1.0965,FALSE
GT,9.1708,1.8697,0.999,9.5428,2.76,26.7911,0.7049,1.9349,1.87,2.5594,FALSE
IDXX,32.4597,0,3.273,2.1314,6.02,0,0.6197,3.4131,-74.0576,3.1721,FALSE
STI,9.6375,0.7586,0.798,19.5072,1.09,26.3383,,,0.7599,,FALSE
TILE,14.009,2.9841,0,9.576,2.42,18.0397,1.3464,4.4784,2.9909,1.4788,FALSE
SVU,5.3102,0,1.318,28.6903,3.77,0,0.3466,4.2668,-2.4356,3.5293,FALSE
DIN,14.283,5.696,0,8.4552,9.74,64.253,0.9516,2.2061,5.7263,5.3674,FALSE
SYY,23.7327,6.1256,2.371,4.3787,3.28,64.5132,1.0198,7.0139,6.1038,2.2759,FALSE
IIVI,17.2971,1.6282,0,8.362,2.89,0,2.3328,5.3376,1.6292,1.0619,FALSE
TE,25.0751,2.5158,3.914,-2.2298,2.21,102.9706,0.254,1.1074,2.515,4.4911,TRUE
INDB,15.7091,1.4743,0,6.988,11.89,35.0649,,,1.4743,,FALSE
TER,19.2507,1.8408,0.961,8.6007,2.32,,2.5578,5.756,1.8578,0,FALSE
AEGN,14.2063,1.0678,1.201,16.552,4.98,,1.3774,6.6122,1.0735,5.5764,FALSE
TSO,5.5712,1.6861,1.989,12.1268,1.46,109.2593,0.6747,3.9246,1.7002,1.1368,FALSE
TXN,17.0063,5.1529,1.765,7.1199,3.66,46.8447,1.7155,9.3682,5.169,0.762,FALSE
GFF,18.3584,1.5501,1.552,-2.4442,9.1,26.5356,0.9119,2.7482,1.5501,5.2594,FALSE
TXT,12.812,1.7694,1.216,7.6035,1.46,2.4425,0.5256,2.5454,1.7658,2.2548,FALSE
IVC,0,1.023,0,-2.7845,7.7,,0.7822,4.3613,1.0226,4.5151,FALSE
TMO,24.3423,2.3294,1.516,4.8204,2.18,9.8837,0.7226,5.9737,2.3263,3.1127,FALSE
IPAR,26.3061,2.1887,1.174,5.7432,5.56,216.8671,2.7074,5.1853,2.1864,1.403,FALSE
TIF,16.2191,2.7077,1.735,7.0397,2.91,56.5275,1.3149,4.6383,2.7378,1.076,FALSE
ITG,13.2284,1.2399,0,6.579,3.72,31.2255,1.4975,,1.2582,6.3257,FALSE
BCO,26.0815,4.5008,0,7.4414,5.44,,1.0539,2.2254,4.5008,2.1908,FALSE
TJX,20.8533,10.8269,1.8,4.3571,2.65,23.9315,0.5067,8.1976,10.8269,0.3802,FALSE
JJSF,26.7598,3.2605,3.219,2.4721,3.62,21.2587,0.6991,13.4155,3.2621,0.3758,FALSE
ITRI,86.177,2.0596,1.234,2.2691,11.3,0,1.0238,,2.0596,2.4901,FALSE
TMK,12.4464,1.5422,1.619,16.9784,3.68,12.3933,,,1.5543,,FALSE
TSS,21.0264,3.8192,1.474,7.7546,1.78,22.5231,2.0755,7.2282,3.8445,1.8141,TRUE
TYC,14.1144,3.666,1.482,2.6288,1.76,120.7222,0.6291,4.0609,3.67,1.7502,TRUE
KEX,12.9484,1.2533,30.234,7.5364,6.23,0,0.8201,2.6678,1.26,1.342,FALSE
UNP,14.3268,3.1635,1.715,4.0201,2.12,41.8084,0.8568,2.4283,3.1531,1.4111,FALSE
VIVO,22.3333,4.8461,1.36,4.28,16.02,94.3371,5.1512,32.6245,4.8469,0,FALSE
UNH,18.7937,3.1314,1.083,7.683,3.74,39.6962,0.453,4.7684,3.1238,2.5243,FALSE
KLIC,18.8716,1.0459,1.673,4.9027,0.73,,8.3662,5.3376,1.0438,0,FALSE
UNM,7.1949,0.7277,0.765,19.9564,0.95,19.9027,,,0.7354,,FALSE
KOPN,0,1.2425,0,-15.4961,11.14,,8.6193,7.3539,1.2909,,TRUE
MRO,0,0.266,0,-38.7842,1.82,,1.2337,0.7776,0.2661,60.1405,FALSE
X,0,0.4408,0,-13.1471,6.08,,0.7537,0.9804,0.4407,,FALSE
LANC,25.6574,5.7341,1.999,4.0422,4.54,437.7701,1.9409,21.4742,5.7341,0,FALSE
VAR,17.8378,4.4154,1.074,5.0008,8.61,0,1.0836,4.7381,4.3926,1.2014,FALSE
VTR,30.1387,1.7507,0,-8.9996,4.07,197.7455,,4.4472,1.7435,6.1909,FALSE
LDR,17.4591,21.8126,0.992,6.3654,26.15,71.4109,1.1417,2.381,21.5256,3.5625,FALSE
VFC,18.3676,4.4889,1.52,3.6993,3.34,50.4634,1.1666,6.88,4.4857,0.9646,FALSE
LNN,32.3634,2.7894,2.804,4.3052,30.62,45.3992,2.2804,5.1696,2.7778,1.738,FALSE
VNO,24.1694,2.7981,9.666,-3.9486,2.62,51.9231,,,2.7975,8.8913,FALSE
VMC,53.2168,2.721,0.813,1.7588,1.62,14.2789,1.9275,3.8217,2.724,2.4017,FALSE
PRA,18.4514,1.3059,0,3.8589,2.27,199.1764,,,1.3069,,FALSE
SPXC,0,1.0983,0,-25.6275,2.43,,0.7153,-1.0138,1.0821,12.0971,FALSE
GHC,18.0625,1.0914,0,-2.3185,1.85,29.7581,2.327,2.991,1.0983,2.5268,FALSE
WY,21.7841,2.8052,3.223,4.8951,3.22,268.5835,1.7131,2.1589,2.8052,3.8641,FALSE
MEI,10.333,2.1231,0.707,7.3299,5.47,16.5451,3.1552,8.7123,2.1917,0.1695,TRUE
WHR,11.4405,2.2248,0.563,5.0525,3.05,39.05,0.4264,2.5661,2.2593,0.4705,FALSE
MMSI,24.5336,1.5272,0.984,2.6211,7.74,0,0.8471,4.0148,1.5249,2.7675,FALSE
WMB,11.5036,1.4595,0,-5.4812,1.04,,0.04,0.1912,1.461,12.4679,FALSE
MSA,19.4258,2.988,0.827,1.2452,8.93,57.6056,1.3449,3.4276,2.9857,2.9957,FALSE
WEC,21.1747,2.0933,3.606,0.9325,4.96,80.9939,0.3981,1.0579,2.0933,5.658,TRUE
MNRO,31.4596,3.8611,0,4.0523,13.66,31.8287,0.0536,5.8718,3.8633,1.9158,TRUE
XRX,10.8341,0.9725,0.791,14.9995,1.92,24.876,0.9705,2.4555,0.9721,4.0147,FALSE
MOG/A,11.4817,1.5178,1.915,11.9152,2.49,0,1.0835,2.9094,1.4775,3.6738,FALSE
ADBE,62.0957,5.2507,1.168,3.4873,0.95,0,2.1053,2.9551,5.2562,1.5349,FALSE
RT,0,0.6527,0,1.271,6.16,0,0.5692,,0.6527,1.3902,FALSE
AES,8.1682,2.0138,1.812,-2.4659,2.15,,0.6071,0.5742,2.032,5.4554,TRUE
DPZ,29.784,0,1.871,3.9879,6.76,26.3529,0.7049,2.995,-3.2061,5.1174,TRUE
MCS,18.0069,1.4089,1.428,1.8892,3.52,58.6599,0.1707,2.0574,1.4093,2.7779,FALSE
AMGN,15.6243,3.8437,1.515,7.8188,2.43,33.3333,3.9664,3.5013,3.8654,2.9832,FALSE
MCY,21.0218,1.4854,1.797,3.6126,8.49,146.1298,,,1.4854,,FALSE
AAPL,10.1295,4.1061,0.717,11.7694,1.27,15.7835,0.6706,4.3244,4.1061,0.7605,FALSE
MSCC,27.7783,2.3514,0.531,8.6208,3.24,0,1.8481,4.4102,2.7586,3.672,FALSE
ADSK,0,5.9079,0,3.5486,3.34,,2.0185,3.3003,5.9322,8.7106,FALSE
MTRX,9.9704,1.4308,0.766,0.075,2.61,0,1.8256,5.0314,1.4313,0.155,FALSE
MTSC,17.137,2.9746,0.981,10.1943,6.39,37.8656,0.8161,5.692,2.967,0.5109,FALSE
CTAS,22.8508,4.6897,1.599,3.4859,7.7,100.1321,1.0803,5.6044,4.6909,1.4525,FALSE
MYE,19.3473,3.2814,0.876,4.5854,9.13,0,0.7275,2.6125,3.3502,2.9315,FALSE
CMCSA,17.8789,2.72,1.317,6.9553,1.62,31.1517,0.5114,3.1756,2.72,2.1323,FALSE
TUES,43.6154,1.0751,0,-7.6985,8.09,0,0.2966,,1.0743,0,TRUE
TAP,24.1241,2.3102,1.031,2.7184,1.32,226.482,0.6891,3.6475,2.5585,4.4211,FALSE
NANO,67.3794,1.7302,1.688,-0.1102,6.19,,2.6745,5.9343,1.7277,0,FALSE
PKG,10.9482,2.9325,1.666,9.3165,1.41,50.6232,1.4606,3.4739,2.9821,2.0928,FALSE
NAVG,16.1678,1.1113,1.646,18.4132,3.42,0,,,1.1101,,FALSE
KLAC,17.8269,27.2309,1.167,8.0732,0.74,53.0856,3.109,3.6006,27.2309,3.6866,FALSE
NBTB,14.9478,1.2571,0,10.3665,7.82,50.1699,,,1.2531,,FALSE
MKC,25.4461,6.7255,3.349,4.0892,7.12,34.2627,0.4578,5.3513,6.7137,2.1331,FALSE
CMO,9.4388,0.8099,0.934,27.6465,2.12,58.515,,,0.8099,2.0927,FALSE
NDSN,16.8242,5.1747,0.953,6.4947,7.97,28.984,1.5126,5.0999,5.1742,2.954,FALSE
NEOG,51.2186,4.7781,2.591,1.5866,10.6,33.1722,5.7842,4.9796,4.7781,0,TRUE
GCO,14.3921,1.4522,0,0,6.25,0,0.2538,4.8326,1.4521,0,FALSE
JWN,15.0719,10.0275,1.753,14.8045,6.08,1206.4,0.5616,3.1813,10.6268,0.4863,FALSE
NEWP,16.0218,1.5198,0,5.6597,3.91,0,1.5253,3.4572,1.5178,1.0214,TRUE
TCB,10.1667,0.9197,1.264,17.0109,1.88,26.1935,,,0.9183,,FALSE
NNN,35.9667,2.2671,6.71,-5.7277,6.05,177.4464,,,2.1892,4.6662,FALSE
PCAR,11.0362,2.5227,1.596,4.7017,6.42,166.8341,0.7597,,2.5382,2.656,FALSE
NPBC,13.7227,1.3154,0,7.9275,2.16,53.4974,,,1.3154,,TRUE
BXS,13.7967,1.1188,0,5.4482,4.94,44.4572,,,1.1168,,FALSE
NVR,17.1931,4.8674,0.654,3.052,3.01,0,0.7718,6.2496,4.8946,0.9253,FALSE
COST,28.3883,5.9975,2.919,2.1747,2.09,36.5285,0.4178,,5.9975,1.2856,FALSE
NWN,23.1936,1.8666,5.972,5.0537,6.45,43.2835,0.2712,0.8555,1.8628,1.0432,FALSE
CBSH,16.1629,1.8061,2.035,6.3451,10.17,34.0384,,,1.8105,,FALSE
ODFL,17.0868,3.0565,1.456,1.7701,4.33,0,1.1281,6.6423,3.0628,0.2016,FALSE
STJ,14.1634,3.5379,1.134,5.9909,2.06,72.5,0.7699,4.0831,3.528,4.6862,FALSE
BRS,12.1328,0.3365,0.41,-58.1425,2.6,370.9731,0.9826,1.2785,0.3365,7.1541,FALSE
SYK,20.9631,4.2353,1.339,1.7306,4.48,27.2479,1.6389,5.7352,4.2639,1.7812,FALSE
TSN,16.8777,2.2627,1.447,8.3907,2.98,17.1367,0.7364,5.9521,2.4616,2.1326,TRUE
CUZ,13.7895,1.0253,0,-1.8762,4.88,30.1414,,,1.0406,3.5409,TRUE
TRMK,12.6784,0.9943,0,10.8646,9.76,55.7769,,,0.9951,,TRUE
PEI,131.6387,2.7662,0,-22.8784,8.2,,,,2.7659,22.1303,TRUE
AMAT,13.8722,2.5403,0.846,5.5711,1.34,35.1786,1.7651,3.5538,2.5625,2.2006,TRUE
PDCE,26.9434,1.43,3.463,-19.8647,5.21,40.2098,2.055,4.2145,1.4283,1.7021,FALSE
UMBF,17.9735,1.2304,0.992,7.0368,5.27,40.0061,,,1.2279,,FALSE
TWX,13.2911,2.1276,0.92,6.6515,1.91,32.6027,1.1955,-3.4214,2.1396,3.1568,FALSE
AGYS,0,1.8936,0,-3.3294,11.1,,1.6641,5.0732,1.8956,,FALSE
BBBY,8.6766,2.7843,1.385,10.9657,6.68,0,0.2238,4.4455,2.7843,0.881,FALSE
PKY,0,0.9751,0,-3.5233,5.42,241.185,,,0.9751,4.6592,FALSE
VLY,15.8191,1.076,0,5.8644,5.86,917.9416,,,1.0473,,TRUE
NEU,16.5742,10.0162,0,3.5575,9.12,35.5556,1.4464,6.5228,10.0479,1.2396,FALSE
CAH,18.3231,3.7691,1.096,10.0747,2.57,39.0561,0.4928,5.9467,3.7614,1.9258,FALSE
CELG,44.5045,13.3559,0.829,2.7612,1.44,0,4.0494,4.2934,13.3398,5.3503,FALSE
PLXS,13.603,1.3482,0,13.0317,6.99,0,1.3789,3.4936,1.3522,1.6812,FALSE
WABC,19.3586,2.1359,3.842,5.7937,13.95,68.2941,,,2.136,,FALSE
CERN,29.4685,4.7969,1.335,3.182,8.86,0,1.9388,3.5263,4.7474,0.4907,FALSE
POWL,31.3457,0.9662,3.794,14.4081,2.5,,1.1548,4.3134,0.9022,0.0711,FALSE
CINF,17.2453,1.5617,0,10.4891,2.58,96.8421,,,1.5613,,TRUE
EAT,14.383,0,0.929,8.7662,4.51,39.2083,0.3541,3.0859,-16.1107,2.4413,FALSE
TCBI,11.1409,0.9166,1.29,4.2912,5.07,0,,,0.916,,TRUE
CVC,42.7068,0,2.877,5.1811,3.43,0,0.7882,0.6116,-1.7816,5.6219,TRUE
PSB,34.7857,3.2003,0,8.1032,4.65,108.7696,,,3.1979,1.0466,FALSE
CDNS,23.559,4.4561,1.704,5.8192,3.22,0,1.5257,5.6874,4.2848,0.8642,TRUE
CRS,20.5111,1.0424,0.72,16.9306,5.38,77.3913,0.8634,5.6104,1.0255,3.0432,FALSE
PACW,11.0759,0.8951,1.11,11.384,4.77,83.8021,,,0.8861,,FALSE
DHI,11.0028,1.4669,0.726,8.6391,2.35,18.7343,0.9162,3.9841,1.467,2.8513,FALSE
KWR,16.1688,2.6406,0,6.3364,6.89,37.8436,2.1625,5.0577,2.644,0.9075,FALSE
CY,0,0.8066,0.602,-1.5723,5.46,,0.9847,-0.6558,0.8104,,TRUE
FLS,13.8415,3.0668,1.993,4.5974,5.51,32.9334,0.9962,3.4597,3.109,2.4994,FALSE
QSII,21.4205,2.8883,1.392,4.9416,3.99,145.8741,1.5058,6.9653,2.8883,0,FALSE
DV,7.3983,0.7395,0.903,9.124,9.38,,1.0401,5.8137,0.7382,0,FALSE
TYL,68.0015,5.6378,1.847,1.7007,2.98,0,0.6602,10.7099,5.5306,0.5172,FALSE
EA,28.2437,5.9813,1.54,5.1368,3.07,,1.2242,5.7399,5.968,0.3447,FALSE
RBC,9.4605,1.1652,0.871,12.7779,2.86,,1.1666,3.2812,1.1642,4.1773,FALSE
UHS,15.687,2.4407,1.364,6.1519,1.97,5.6423,1.2392,4.6806,2.4486,2.0958,FALSE
ESRX,16.8332,2.6168,0.848,9.9841,4.96,0,0.5775,8.635,2.6144,2.3278,FALSE
AGCO,14.2945,1.3696,2.113,8.1296,8.96,16.3865,0.5782,3.3086,1.3975,1.9881,FALSE
EXPD,19.3745,4.9391,2.02,5.9905,7.83,58.2268,2.2291,10.4912,5.057,0,FALSE
RGS,0,1.1922,0,5.422,9.96,,0.7706,4.7083,1.1787,1.7278,FALSE
SWKS,12.6055,3.1744,0.557,4.8541,2.45,13.933,4.7861,20.4119,3.1756,0,FALSE
FAST,24.5907,6.9707,1.723,3.0967,9.47,72.4599,1.6009,13.9129,6.9424,0.3988,FALSE
OFC,54.184,1.4902,0,-14.3546,2.07,,,,1.4903,7.9205,FALSE
MTB,14.1222,1.1485,3.374,11.2888,4.39,42.3357,,,1.2792,,FALSE
UEIC,23.0473,2.6975,0.855,-2.5754,7.37,0,0.796,3.9682,2.7252,0.887,FALSE
ATVI,23.9213,2.6228,1.204,5.131,0.91,0,0.9613,3.2842,2.611,2.2486,TRUE
FISV,27.7514,7.8,1.554,4.5709,2.71,0,0.717,7.1289,7.9121,2.4844,TRUE
FITB,8.1751,0.7351,2.233,18.3719,2.11,16.2162,,,0.7437,,TRUE
ROG,13.9496,1.3568,0.793,6.0903,9.04,0,3.8677,4.4558,1.3553,1.6261,FALSE
HFC,8.1746,1.0649,1.359,5.0356,2.67,,0.6536,5.0867,1.0807,0.6539,FALSE
RPM,15.3993,3.9388,1.441,6.769,2.67,42.6503,1.3638,4.2828,3.9245,2.588,FALSE
JKHY,27.8037,6.6197,2.255,5.4201,5.12,33.4775,0.6059,8.5452,6.6203,0.2208,TRUE
FHN,13.6453,1.2832,1.113,11.533,3.88,30.7563,,,1.2598,,FALSE
SAFM,11.6897,1.8002,6.909,4.8469,12.27,58.5096,1.9199,8.7517,1.7997,0.0244,FALSE
GILD,7.3205,6.6942,2.444,15.3104,2.47,13.2394,2.0932,6.3256,6.7844,0.9523,FALSE
SCHL,38.6306,0.9204,0,-11.8543,13,7.8798,1.2277,3.5198,0.9204,0.2731,FALSE
ETH,16.0252,1.9532,0.907,6.7481,10.92,23.9661,0.555,4.5439,1.9532,0.2041,FALSE
GTY,12.0605,1.4419,0,-29.0148,8.53,77.0621,,,1.4419,6.2003,FALSE
HAS,20.4622,5.3956,1.852,4.5714,3,32.7082,2.0613,4.2319,5.3882,2.0203,FALSE
SCL,13.0626,1.7253,0,6.5203,4.27,33.5452,1.7503,3.5975,1.7237,1.7527,FALSE
PRGS,170.2727,2.153,0,8.6782,3.55,,1.5393,4.5635,2.1669,2.5582,TRUE
HBAN,9.8981,1.084,1.667,13.9449,3.07,32.6823,,,1.0864,,TRUE
SMG,17.7267,6.8182,1.494,2.818,1,,0.5732,4.0433,7.6409,4.1271,FALSE
RGLD,37.7926,1.0778,3.391,-48.7533,2.38,99.027,6.8483,,1.0871,2.9895,FALSE
HCN,24.538,1.4557,6.022,-12.6604,3.79,219.4547,,,1.4521,6.5383,FALSE
SNPS,27.8327,2.0753,1.485,7.2965,2.25,0,0.8557,4.8016,2.0745,0.4286,TRUE
LLTC,20.0637,5.9567,2.623,6.0618,4.13,60.4779,8.6826,22.6414,5.9489,0,FALSE
SFNC,12.73,1.1857,0,6.6695,8.02,29.2953,,,1.1724,,FALSE
RRC,69.4013,1.7204,0,-7.537,4.53,,0.3534,0.5738,1.7209,,FALSE
ARRS,25.666,1.8993,0,8.7901,3.3,0,1.5119,,2.5132,2.9939,FALSE
NBR,0,0.4005,0,-0.3898,1.76,,1.0524,0.9389,0.4038,3.6373,FALSE
SHLM,10.3646,1.1751,0,7.4585,5.61,115.8907,1.0495,3.1183,1.1752,7.2066,FALSE
PTEN,0,0.7349,0,13.7649,3.54,,1.0808,1.3347,0.735,1.8677,FALSE
NE,2.7875,0.2619,0.544,75.4988,4.59,,1.1708,1.4696,0.2619,2.888,FALSE
ICON,4.6338,0,0,0,13.28,,,,0,,FALSE
NTRS,14.6206,1.6009,1.223,10.4317,1.89,36.716,,,1.6143,,FALSE
SIGI,12.1919,1.3589,7.434,19.2909,2.86,18.9873,,,1.355,,TRUE
RS,12.6389,1.0531,1.136,20.0592,4.06,42.3408,1.0315,4.943,1.0517,2.5208,FALSE
ADTN,64.9607,2.0353,2.509,0.6405,4.3,77.9993,2.0602,5.6256,1.8878,1.0063,FALSE
PAYX,24.0689,9.0618,2.357,4.7644,4.28,80.0708,0.1789,4.3941,9.063,0,FALSE
PBCT,16.8111,0.9305,1.275,5.6692,6.43,71.2676,,,0.9533,,TRUE
STC,9.0595,1.2318,0,7.9367,2.21,269.6315,,,1.2289,,FALSE
HSIC,24.7416,4.2181,2.071,4.2261,4.84,0,0.6064,7.0457,4.2442,0.9066,FALSE
CNO,10.5433,0.6875,0,0,4.91,9.4683,,,0.6947,,FALSE
PDCO,18.7897,3.002,1.54,-1.4398,6.32,52.158,1.0395,5.5433,3.0124,2.8647,TRUE
SIVB,12.6873,1.3554,1.037,6.6326,3,0,,,1.3523,,FALSE
ANSS,29.9147,3.3377,1.833,4.7234,5.72,0,1.8098,13.0769,3.37,0,FALSE
SMTC,50.4397,1.9935,2.726,0,3.57,0,2.5783,3.9873,1.9935,3.1734,FALSE
FDS,24.2427,10.2083,1.898,4.7279,5.37,0,2.4637,14.9365,10.1609,0.8096,FALSE
QCOM,12.3567,2.1559,0.935,7.5077,1.29,48.7316,2.745,4.7098,2.1558,1.6375,FALSE
SMRT,12.525,3.9681,0.634,-1.9875,11.66,53.886,0.0504,,3.9563,2.3729,FALSE
PLCM,15.7078,1.1311,0.683,5.9987,4.88,0,2.1357,3.0964,1.1293,1.5495,FALSE
ROP,24.1556,3.0806,2,5.4815,2.4,12.0842,1.7591,9.7885,3.0786,2.6548,FALSE
ROST,21.7685,8.8753,1.848,4.3752,2.51,21.8754,0.3249,,8.9341,0.2112,TRUE
PII,11.5807,5.1509,0.899,3.6845,5.92,31.3239,0.3703,6.1437,5.1707,0.5336,FALSE
AN,11.9807,2.1903,1.259,4.9027,2.31,0,0.0402,3.9777,2.1868,6.0907,FALSE
SBSI,12.8148,1.3091,0,11.7604,12.44,67.2853,,,1.3079,,FALSE
SONC,21.5861,0,1.073,6.7067,5.16,44.3435,0.869,2.5718,-60.5434,3.0668,FALSE
SBUX,33.4685,13.5161,1.542,3.2183,1.09,43.2199,0.7114,11.4784,13.4478,0.4986,TRUE
ROVI,129.0311,1.4263,0.911,8.8415,4.93,0,3.1826,-1.2574,1.4263,5.8211,FALSE
KEY,9.7283,0.8353,1.349,12.1028,2.46,27.6786,,,0.8265,,TRUE
STBA,12.4381,1.1117,0,6.5549,10.59,37.8867,,,1.1117,,FALSE
AMG,12.9107,2.359,0.702,17.9163,2.2,0,,,2.2844,2.587,FALSE
SPLS,8.711,1.0089,14.887,11.0199,4.25,38.9697,0.8268,4.4747,1.0057,1.3358,TRUE
STE,21.8875,1.9185,1.232,1.9824,4.8,92.3065,0.8346,4.2971,1.919,0.9443,FALSE
TTWO,0,5.7109,1.931,10.5811,4.94,,1.0161,1.051,5.5557,,TRUE
STT,10.1588,1.1628,1.461,-9.3159,2.16,24.9898,,,1.174,,FALSE
MKTX,42.1181,10.2429,2.565,2.9405,6.41,29.9481,6.7227,55.0714,10.2107,0,FALSE
USB,12.6324,1.7001,2.001,12.6517,1.81,31.9971,,,1.7083,,FALSE
JLL,10.3803,1.7579,0.788,4.7741,0.99,6.6677,0.8285,3.9204,1.7576,0.9079,FALSE
SYMC,15.5598,2.2801,2.242,5.7001,0.68,87.5,0.7209,2.9284,2.2636,1.6877,FALSE
MSTR,16.525,3.8053,1.247,8.4785,5.69,0,3.2076,8.1614,3.7932,0,FALSE
TROW,14.8674,3.4972,1.625,7.9683,3.36,43.3981,,,3.4652,0,FALSE
WM,20.0184,4.4575,2.296,5.2345,4.88,63.0037,0.6327,2.4006,4.4508,2.7298,FALSE
CBS,12.8223,3.5497,0.706,5.8325,2.86,28.0279,1.1098,-1.7789,3.649,3.1736,FALSE
AWR,28.8938,3.6216,6.281,0.3986,3.67,70.6368,0.4126,1.9092,3.6441,2.1956,TRUE
AGN,164.9751,1.5028,1.381,3.9329,1.99,,0.4211,1.7111,1.5014,11.771,FALSE
TNC,20.7621,3.6698,1.737,2.1975,8.1,26.7455,1.4086,7.0213,3.689,0.3462,FALSE
WFM,17.2147,2.922,2.033,1.9043,4.58,28.0255,0.8247,5.6006,2.9224,0.8097,FALSE
STZ,27.8288,4.176,1.68,2.749,1.33,22.6101,0.6279,4.69,4.1832,3.8537,FALSE
TECH,31.9187,3.6781,0,3.6672,6.04,46.0349,5.0255,12.7552,3.6781,0.9037,FALSE
MDRX,181.81,1.6243,1.083,8.6183,7.37,0,0.867,2.3426,1.6218,3.2405,FALSE
XLNX,22.8974,4.6594,2.436,6.1417,2.69,60.7706,3.8586,5.3756,4.6594,2.1922,FALSE
TFX,28.1582,2.7756,1.741,4.2952,13.86,15.6125,0.9011,5.6596,2.7751,2.5123,FALSE
CRL,19.0355,4.3419,1.363,7.1129,2.44,0,1.2446,1.7291,4.335,2.8641,FALSE
SLAB,47.2106,2.1376,1.708,5.7098,3.19,0,2.2245,8.1076,2.1287,1.049,FALSE
XRAY,23.6179,3.415,2.075,5.3351,6.2,17.3208,1.438,6.7306,3.4134,2.315,FALSE
ZION,16.7132,0.6357,1.245,8.9403,3.34,14.0005,,,0.6353,,FALSE
SGMS,0,0,0,37.5443,15.5,,1.1982,-1.0801,-0.2804,29.458,FALSE
DNR,2.1568,0.3321,0,74.0125,5.04,,0.241,-3.1158,0.333,,FALSE
BLKB,61.6807,11.3686,1.247,4.1143,6.01,85.6657,0.1685,2.8871,11.3515,3.9783,FALSE
IVZ,10.8244,1.3581,1.113,8.4788,1.03,56.3645,,,1.3788,5.2638,FALSE
TRMB,37.1523,2.1256,1.191,6.4514,2.68,0,0.7231,5.614,2.1237,2.0642,FALSE
INTU,38.7617,36.6247,1.473,3.6014,4.51,272.069,0.3169,6.2446,37.1212,0.9551,FALSE
TRST,12.4818,1.2769,0,10.6785,4.36,61.5324,0.3602,,1.2769,,TRUE
OIS,33.5458,0.9374,0,12.0709,2.07,0,1.5525,4.4547,0.9346,0.693,FALSE
MS,9.1056,0.6507,0.456,5.7175,0.85,37.2829,,,0.6562,25.2909,FALSE
TTI,20.1442,1.6636,0,18.981,1.55,,1.1187,1.2888,1.663,4.6849,FALSE
MCHP,24.5414,3.9487,1.878,7.2828,6.71,119.0962,3.6518,3.2998,3.9488,3.6264,FALSE
UBSI,17.3106,1.3948,0,7.2655,21.41,68.6074,,,1.3942,,FALSE
CB,11.3907,1.2319,1.11,10.7289,1.81,31.918,,,1.7502,,FALSE
UFCS,10.5929,1.0437,0,19.2969,4.2,18.1582,,,1.0405,,FALSE
CHK,0,0,0,-196.5678,5.63,,0.5303,-3.729,-1.4028,,FALSE
KMPR,16.5928,0.6582,1.416,16.3122,5.67,953.8462,,,0.6573,,FALSE
JBL,9.9794,1.5411,0.639,4.7376,5.25,12.0605,0.4856,2.6875,1.5411,1.8157,FALSE
VAL,18.2906,7.4997,1.227,5.0263,3.84,23.4476,0.7633,4.1644,7.4991,2.756,FALSE
ORLY,25.4049,11.7749,1.393,3.66,3.75,0,0.0911,5.4947,11.8837,0.8061,FALSE
VMI,18.6914,2.6208,1.526,9.2824,6.74,,2.2248,3.855,2.6417,3.4375,FALSE
ALL,12.1814,1.3176,1.158,13.1927,0.89,25.1087,,,1.3394,,FALSE
VICR,29.3089,2.1949,0,0.8071,11.12,,4.3183,11.6632,2.1948,0,TRUE
FLIR,18.2836,2.3948,1.322,5.1832,2.47,21.6512,1.3648,6.4816,2.4453,1.0089,FALSE
VOXX,0,0.2112,0,18.9965,7.65,0,0.4984,2.4023,0.2112,10.4359,FALSE
EQR,30.3574,2.4941,8.179,0.7149,2.2,98.3747,,,2.4908,6.1687,FALSE
TTEK,15.8984,1.8017,1.205,10.3566,5.6,20.3307,1.1088,4.92,1.793,1.5203,FALSE
BBG,0,0.2786,0,-89.1211,7.66,,1.1864,-1.0103,0.2792,,FALSE
BWA,10.4261,1.8274,0.998,4.3983,3.1,23.1261,0.9514,3.4573,1.8676,2.0367,FALSE
WTS,43.2748,2.3982,1.56,4.6027,10.11,,1.6359,3.0688,2.404,,FALSE
NFX,24.8663,2.8217,0,-14.8085,1.81,,0.4127,-2.0949,2.8203,,FALSE
WBS,15.2415,1.9311,1.781,9.0069,3.83,41.6339,,,1.9336,,FALSE
VIAV,0,1.7542,0.99,-3.4835,1.75,0,4.1479,-65.1749,1.7447,8.0617,TRUE
WDFC,33.1494,9.7405,0,3.6865,5.46,45.3782,3.3525,-64.0445,9.7356,1.6069,FALSE
URBN,12.7592,2.4336,0.982,0,3.18,0,0.7607,,2.4336,0.2288,FALSE
WERN,17.9751,2.0707,1.419,-4.3161,5.36,11.8561,1.6029,,2.0707,0.1905,FALSE
SPG,31.3981,12.4931,4.162,1.0732,2.74,126.1979,,,12.493,5.7578,FALSE
WAFD,11.9401,0.9654,1.224,7.3154,5.96,34.2926,,,0.9513,,FALSE
EMN,8.051,2.1907,1.464,11.0619,1.48,55.0516,0.5277,2.6611,2.2033,3.6005,FALSE
JW/A,13.6424,2.2844,0,9.6719,4.37,40.0204,0.8286,4.3808,2.3006,2.6763,FALSE
AVB,30.7962,2.243,5.387,-2.6602,3.08,48.7173,0.9332,3.2078,2.241,3.023,FALSE
WIRE,15.3886,1.3535,1.182,3.7126,7.34,3.7756,4.2289,8.814,1.3522,0,FALSE
PRU,8.4611,0.6787,0.575,48.3689,1.13,43.5222,,,0.6816,,FALSE
WRLD,2.6825,0.7843,0,71.9599,20.95,0,,,0.7896,2.5462,FALSE
UPS,17.9276,34.9844,1.722,5.7472,2.64,48.9775,1.1088,4.1312,35.1588,1.4699,FALSE
AIV,23.3224,3.8224,7.836,-0.1339,1.67,70.1053,,,3.8248,6.8854,FALSE
WSO,22.5769,4.7974,1.388,5.5188,2.5,93.3404,1.7991,10.4395,4.0857,0.6913,FALSE
WR,21.5792,1.7391,4.078,0.1752,1.92,130.0285,0.3125,1.0428,1.7389,3.7354,FALSE
ZBRA,305.1833,3.124,0.605,-0.3949,5.57,,0.9886,3.3715,3.1203,8.0685,FALSE
MCK,14.7399,3.8798,0.901,5.5457,0.72,10.2385,0.6035,3.5626,3.8728,1.9814,FALSE
DF,17.8279,3.1878,2.563,13.7145,6.21,33.9856,0.9366,4.1734,3.1853,3.1173,FALSE
SKT,13.8643,5.108,4.045,-0.6469,3.76,25.2575,,,5.1062,6.2956,FALSE
LMT,18.1643,21.1308,2.527,6.2133,1.91,54.1265,0.651,3.1079,21.4303,2.3617,FALSE
ABC,45.4507,13.45,0.952,19.2648,3.68,21.2185,0.3896,6.5002,13.3944,7.3578,FALSE
SIG,13.473,2.4977,0.785,2.836,2.8,116.6667,1.0603,4.846,2.5018,1.945,FALSE
CAM,15.8672,2.6078,0,3.5721,0.94,0,1.082,3.0208,2.6136,3.2708,FALSE
LTC,22.0251,2.5022,4.958,-7.1731,4.42,110.2793,,,2.3705,4.8627,FALSE
COF,8.669,0.7482,1.102,28.3322,1.64,25.5981,,,0.755,6.154,FALSE
OHI,17.6158,1.3797,4.948,3.4381,4.71,172.8592,,,1.3771,5.7383,FALSE
WAT,19.9497,4.5836,1.967,4.8275,5.31,0,5.0837,4.8789,4.5944,2.5376,FALSE
TCO,34.3286,0,6.169,-3.2282,2.63,132.1866,,,-16.1721,9.1005,FALSE
DLTR,28.2003,4.0117,0.991,1.5985,4.47,0,0.514,3.5995,4.0087,6.2714,TRUE
LFUS,21.9589,3.2029,1.086,5.0016,2.33,28.9225,0.3532,7.3986,3.2379,4.7791,FALSE
DRI,17.2715,3.7689,1.342,5.5336,5.33,234.2193,0.5073,3.747,3.7689,1.4044,FALSE
SM,0,0.4351,0,-65.4149,4.12,,0.4434,0.5738,0.4343,7.3576,FALSE
PNM,19.7109,1.5547,3.263,-6.6652,2.65,,0.3069,0.7305,1.5547,6.7468,TRUE
SNDK,39.8448,2.298,2.308,4.6552,6.39,0,2.3082,4.2719,2.2984,1.7378,FALSE
DO,5.6995,0.5793,0,-3.9552,6.44,,0.8565,1.1911,0.5793,11.4591,FALSE
LXK,7.7252,1.4019,2.411,-0.3496,4.05,,0.5058,2.0992,1.3999,3.7728,FALSE
NTAP,15.7099,2.0629,0.973,13.0291,3.7,46.4211,2.2018,2.6121,2.0725,1.9308,FALSE
CFR,11.1168,1.0203,1.143,8.1776,6.91,58.8435,2.2649,,1.0203,,FALSE
BBOX,7.6126,0.602,1.448,33.0573,3.25,29.5276,1.0664,0.9141,0.602,,FALSE
CTXS,22.16,4.8582,0.844,8.7975,4.5,0,0.9165,2.2385,4.8584,1.7834,FALSE
FCFS,14.0112,2.4814,1.683,6.7213,10.41,0,4.7853,5.6309,2.4436,2.1333,TRUE
CKH,0,0.6156,0,-15.6239,20.86,,4.1331,0.8229,0.6227,7.3142,FALSE
DVA,16.3029,2.6807,1.222,6.4411,2.41,,1.5136,4.073,2.6966,5.048,TRUE
HNT,18.5227,2.6126,0.631,7.7706,2.45,0,1.0741,4.1378,2.6118,1.3413,FALSE
FII,14.2383,3.7893,1.152,9.5949,4.28,54.595,,,3.7896,0.7261,FALSE
CRY,34.6189,1.7073,0,3.077,18.55,30.6525,3.1118,9.0344,1.7045,0,TRUE
HIG,10.3142,0.9111,1.05,14.769,1.52,20.4276,,,0.9287,,FALSE
AKR,32.1163,2.0902,0,-18.9191,6.15,197.634,,,2.0534,11.0087,FALSE
IRM,38.8694,11.0313,4.69,4.4845,11.05,999.5869,0.8229,1.5323,11.0216,5.5112,FALSE
PB,10.0192,0.8244,1.011,10.5577,9.57,29.8067,,,0.8245,,FALSE
PERY,0,0.842,0.632,4.9349,5.59,0,1.6364,4.5068,0.8384,3.0454,FALSE
EL,28.5544,9.2702,2.212,4.1564,3.51,24.8498,1.1393,6.7265,9.2497,0.9346,FALSE
RGA,10.0324,0.9001,0,36.8859,1.74,14.8594,,,0.9076,,FALSE
PES,0,0.2315,0,-21.1006,4.08,,0.8814,-0.0095,0.2315,,FALSE
PZZA,22.2353,61.1481,1.115,6.6205,4.87,27.8308,0.6919,7.576,62.0888,1.4495,TRUE
YHOO,139.9791,0.8734,5.516,-11.717,2.95,,5.4052,1.7405,0.8721,,TRUE
GEF,8.9269,1.3183,1.338,8.129,14.37,161.9032,0.7881,2.906,1.5756,3.6274,FALSE
PFG,8.4136,1.126,0.942,40.0356,1.93,43.8438,,,1.1312,,FALSE
PPS,38.2601,2.4371,5.458,0.8071,2,118.6533,,,2.4422,4.471,FALSE
BYD,15.979,3.3047,0.074,12.3275,5.63,,0.5185,1.2851,3.288,5.9259,FALSE
ATI,0,0.5221,0,-1.2454,4.94,,0.8013,1.2253,0.5222,,FALSE
MCRI,15.1303,1.5193,1.187,0.1878,5.31,0,0.351,5.4256,1.4998,0.8435,FALSE
SRCL,24.3092,4.5905,1.367,3.0518,3.9,0,1.1411,6.1752,4.5977,5.2327,FALSE
MOV,11.8222,1.2538,0.633,9.634,13.26,11.8353,3.5078,,1.2531,0.4918,FALSE
ETFC,43.6369,1.0465,0.7,12.5724,1.07,0,,,1.0523,5.0813,FALSE
ARW,9.1754,1.1613,0,10.1709,2.06,0,1.0707,3.6312,1.1616,2.4735,FALSE
UTEK,0,1.3615,6.104,1.1347,6.4,,8.2733,7.588,1.3569,,FALSE
ANF,31.2514,1.2587,1.052,10.3413,8.39,32.8787,0.7258,,1.2561,1.3164,FALSE
NOV,10.0652,0.6321,0,8.4505,4.52,23.3567,1.1782,2.8906,0.6321,1.1646,FALSE
BFS,34.1335,3.4319,0,2.3577,6.7,111.6479,,,3.4212,9.0981,FALSE
DGX,13.8554,1.8486,1.351,6.2877,6.37,28.9043,0.8815,6.2344,1.8531,2.1439,FALSE
MHO,7.4802,0.7315,0,-21.5495,5.68,0,0.6856,2.8538,0.7315,5.176,FALSE
ROK,16.0158,5.7149,2.462,7.523,6.33,51.5677,2.3389,4.5871,5.7159,1.2605,FALSE
AMT,53.5874,7.7559,2.776,4.0575,2.12,100.8302,,,7.7501,5.9069,FALSE
ROCK,17.6398,1.4683,0.742,12.3526,4.88,0,1.2612,4.4059,1.4563,2.6615,FALSE
AMZN,387.792,16.9647,1.228,3.2297,0.79,0,0.7738,5.5967,16.959,2.061,FALSE
RL,12.4403,1.8483,1.08,6.1683,1.49,32.4046,1.3904,5.0692,1.8486,0.8937,FALSE
BXP,28.1508,3.0376,6.186,1.0022,2.59,211.7096,,,3.0376,6.0692,FALSE
APH,20.1978,4.664,2.048,5.6654,3.1,21.5892,2.8411,5.8397,4.6679,2.2044,FALSE
UFPI,15.1924,1.6507,1.42,10.1477,3.61,45.1605,1.5549,7.5574,1.65,0.4861,FALSE
PXD,0,1.9867,0,-6.9231,2.24,,1.554,2.2074,2.148,3.2005,FALSE
LXP,13.8345,1.1788,9.324,-8.5604,4.62,119.4324,,,1.1825,7.1285,TRUE
VLO,6.9043,1.2633,1.113,14.4827,1.42,80.3691,1.1167,3.9571,1.2859,0.8996,FALSE
HHS,17.0346,0,0,0,3.11,204.7521,,,0,,TRUE
LLL,16.2538,2.1197,3.126,9.5521,2.73,,0.331,2.7445,2.1266,13.6917,FALSE
FFIN,16.7457,2.1032,0,5.4634,17.61,41.8784,,,2.1194,,TRUE
CHRW,19.7422,8.69,1.896,6.8493,3.36,50.6916,1.1555,11.678,8.7003,1.1207,FALSE
COO,22.2931,2.3824,1.394,2.8514,4.86,0,0.5259,4.9658,2.3823,3.1536,FALSE
ONB,11.2076,0.8623,0,3.0324,5.81,2.7261,,4.7092,0.864,3.2566,TRUE
FWRD,19.0805,2.572,1.261,3.4243,5.51,16.0002,1.3066,9.0394,2.6135,0.7125,FALSE
ACN,19.4103,10.2567,1.727,5.8103,2.76,84.1507,0.8424,7.3156,10.4061,0.0054,FALSE
HAIN,17.8731,1.9398,1.173,4.683,5.9,0,1.2817,5.4363,1.9398,2.8952,TRUE
YUM,20.1451,30.6448,1.593,4.0166,2.17,144.8582,0.3608,5.2901,31.465,1.4906,FALSE
MAN,13.3065,2.04,1.143,8.322,1.9,47.845,1.4412,4.6055,2.0561,1.1154,FALSE
MAA,19.1365,2.2077,4.466,-0.3535,2.41,143.4537,,,2.2068,5.8838,FALSE
PLD,20.8034,1.3446,12.314,-3.1657,2.44,185.1677,,,1.3434,9.4627,FALSE
OII,11.0864,1.772,0,12.8531,2.44,96.4638,1.6203,3.5972,1.7719,1.2939,FALSE
FEIC,18.6403,2.9137,1.439,6.4217,5.51,25.4235,1.8489,7.6905,2.9137,0,FALSE
FE,12.3445,1.1362,3.813,3.9045,1.43,,0.3081,0.7034,1.1348,5.3859,FALSE
SHOO,16.5121,2.8082,1.921,6.375,6.77,0,0.8467,9.2159,2.8484,0,FALSE
VRSN,25.3083,0,2.03,7.386,15.29,0,1.2828,-8.0621,-7.5647,2.8013,TRUE
TSCO,27.15,7.8465,1.528,1.7494,4.83,24.0508,0.0951,11.4909,7.853,0.2169,FALSE
PWR,20.9267,0.8692,1.255,13.3304,2.45,,1.4537,3.4978,0.9082,1.0847,FALSE
VSH,15.4793,1.0115,1.222,5.9783,11.94,,2.9867,2.0234,1.0114,1.5941,TRUE
AEE,18,1.6094,2.328,0.3041,2.19,331.5533,0.4859,0.8925,1.6096,3.5518,TRUE
ATML,68.7429,3.8724,1.479,2.2933,1.41,0,1.9212,7.647,3.8631,0.5199,TRUE
PLT,14.7269,3.8184,0.911,10.446,2.45,30.0028,5.0705,2.9253,3.8184,3.4325,FALSE
TECD,12.0486,1.1198,1.682,6.9504,9,0,0.8854,5.6105,1.1194,0.8767,FALSE
MED,15.2391,3.7101,1.009,7.9403,6.26,0,2.9172,,3.6982,0.7994,FALSE
NVDA,18.7763,3.0743,1.787,7.8843,5.38,21.5447,6.1567,5.5447,3.0686,1.5186,FALSE
ATR,24.2325,4.0461,2.498,3.7581,3.4,29.9444,2.2124,4.6722,4.0427,1.5962,FALSE
AF,22.6325,1.0076,0,6.3035,3.75,24.5906,,,1.0082,,TRUE
LVLT,24.1357,1.5598,0,3.9787,1.23,0,1.1377,0.809,1.5593,4.4089,FALSE
SEE,16.3934,15.0348,1.166,9.5142,1.68,20.5789,0.618,2.9216,15.1429,4.7007,FALSE
RMD,22.5453,5.2516,1.827,5.0626,10.12,46.3756,3.7299,8.9946,5.2534,0.8247,FALSE
CPRT,19.1565,5.2233,1.586,3.2737,3.87,0,3.2431,5.5424,5.6074,1.5877,FALSE
CTSH,18.9022,3.4349,1.026,5.9019,1.25,0,2.654,4.9313,3.4296,1.6614,FALSE
DAKT,46.7019,1.5993,0.811,2.4844,20.09,138.6806,1.1787,4.5682,1.5984,0.4712,TRUE
ISRG,33.7025,4.4056,2.117,3.6591,4.78,0,3.9726,22.6211,4.4032,0.5239,FALSE
MTD,23.7229,14.3278,1.956,4.0667,4.5,0,0.8575,6.6947,14.27,1.0676,FALSE
ALB,15.4843,1.7203,1.418,2.3694,6.32,18.6741,0.4742,2.0183,1.7201,5.4832,FALSE
CNX,0,0.3668,0,-29.9257,6.09,7.6923,0.1625,0.5033,0.3668,24.5959,FALSE
TBI,11.6464,1.6344,0.817,5.0339,1.78,0,2.1549,5.8345,1.6323,1.7587,FALSE
AET,13.433,2.1082,1.034,10.3152,4.88,27.2444,0.471,2.7771,2.1033,1.4759,FALSE
DSPG,116.3942,1.2428,1.699,0,2.4,,1.8491,,1.2428,,FALSE
BPFH,14.167,1.1972,0,10.9683,5.02,58.3327,,,1.2007,,TRUE
RSG,21.3723,1.9489,3.114,4.7801,3.15,60.4179,0.5425,2.6574,1.9582,2.9033,FALSE
MINI,19.1426,1.4767,0.988,4.0939,12.35,87.3185,0.8752,1.4468,1.4805,9.2515,FALSE
EBAY,10.7475,3.9629,1.624,11.9783,1.43,0,2.9828,2.607,3.9451,,TRUE
DAR,14.8291,0.7265,0,14.0604,5.39,0,1.1905,2.2454,0.7265,4.751,TRUE
GS,8.125,0.8234,0.545,7.8365,0.83,50.0749,,2.1667,0.8741,26.8211,FALSE
SCSC,12.4695,1.0956,1.347,3.7556,3.63,0,1.0025,4.5975,1.0871,1.0759,FALSE
SRE,18.7567,2.0164,1.816,-0.8612,2.78,47.1789,0.4126,1.1827,2.0157,4.5034,FALSE
MCO,17.455,0,1.238,6.6462,3.67,30.7389,2.4901,4.5929,-28.0034,1.8694,FALSE
EXP,15.433,2.4504,1.624,5.6294,2.23,10.7284,1.0305,3.9926,2.4506,1.7918,FALSE
PCLN,20.0437,5.5915,0.82,5.8355,1.39,0,2.2884,6.7211,5.6109,1.7439,FALSE
OUTR,3.1357,0,0.903,52.3154,7.21,29.1238,0.5703,2.7966,-20.3291,2.5423,FALSE
FFIV,17.1355,4.7708,0.972,10.2905,5.8,0,1.334,7.2042,4.771,0,FALSE
AKAM,22.0266,2.2469,0.87,5.9925,1.48,0,3.0233,6.2837,2.2561,0.8153,FALSE
HIW,43.0403,2.5516,8.551,-10.8232,3.36,232.5374,,,2.552,6.6395,FALSE
RAI,17.133,3.7294,3.463,0.3121,2.29,184.2863,0.5262,5.7251,3.734,2.466,TRUE
CALM,6.7353,2.6979,0.531,15.1573,26.49,33.3526,1.718,9.8717,2.6979,0.0507,FALSE
SLM,9.2311,1.5033,2.662,-3.9702,6.54,33.1307,,,1.5026,1.8149,TRUE
SSD,22.4739,1.8387,1.53,5.0544,7.15,52.4939,3.8418,12.0701,1.8423,0,FALSE
DVN,6.4786,1.3437,0,0.7523,1.21,,1.0364,-1.3872,1.3212,,FALSE
GOOGL,30.1765,4.0043,1.228,3.3562,0.87,0,4.3823,,3.9359,0.2137,FALSE
RHT,57.9261,8.3651,1.57,5.7248,2.55,0,1.1685,4.3664,8.3654,2.0259,FALSE
ESS,53.1415,2.0523,10.659,-1.7071,3.16,0,,,2.0729,6.827,FALSE
ISCA,22.851,1.0742,2.739,-0.1994,4.53,0,1.7036,2.6848,1.085,1.4884,FALSE
NFLX,302.9698,16.5773,4.07,-2.2902,2.41,0,0.6547,4.791,16.5828,6.442,TRUE
GEO,13.8866,2.0352,2.104,1.2119,3.1,108.891,1.3414,1.641,2.0356,6.2364,FALSE
A,23.7868,2.8681,1.863,4.3538,1.59,23.6429,2.6732,2.7391,2.8661,2.1355,FALSE
MATW,16.9721,2.1715,1.291,5.6965,8.4,107.1066,1.491,2.6882,2.1715,2.1316,FALSE
ANTM,12.4732,1.3583,1.154,10.9289,5.13,90.1603,1.3145,4.2034,1.357,,FALSE
HW,28.4647,4.6052,0,6.5409,2.49,0,2.0625,2.453,4.6052,3.4551,FALSE
CME,24.475,1.5298,1.673,4.4659,2.58,392.619,0.0576,0.7689,1.5357,1.0109,FALSE
CLI,30.6549,1.0862,0,-0.3571,5.2,,,,1.0829,28.438,FALSE
JNPR,13.887,1.846,1.066,7.9312,1.3,19.368,1.5143,2.2744,1.8549,1.7903,FALSE
WIBC,12.656,1.4854,1.483,0,4.37,33.8118,,,1.4852,,TRUE
BLK,15.2117,1.6891,1.324,5.6943,2.31,41.928,,,1.7166,0.9914,FALSE
KNX,20.3795,2.8773,1.45,-0.7587,5.19,16.6112,1.7655,5.6331,2.8756,0.3875,FALSE
DTE,17.7053,1.7769,3.169,-0.7725,2.29,162.5,0.557,1.2212,1.777,4.5891,FALSE
O,51.7064,2.3051,11.096,-4.501,5.91,184.4153,,,2.2986,5.2703,FALSE
NDAQ,19.1498,1.8014,1.915,5.3624,3.43,27.8041,0.2779,3.0965,1.8005,2.752,FALSE
NSIT,10.7344,1.2408,0,19.2914,5.89,0,1.2441,4.0252,1.2403,0.5504,FALSE
CRM,0,7.6885,1.979,2.3777,0.98,,0.6082,5.703,7.6091,1.7758,FALSE
NWBI,17.2686,1.0597,0,8.7795,9.75,86.1422,,,1.0587,1.6286,TRUE
VECO,0,1.0038,0,0.2483,15.97,,2.6802,4.0519,1.0141,0.0922,FALSE
MET,7.216,0.6196,0.693,34.0194,1.16,53.0685,,,0.6273,,FALSE
MON,18.402,11.3438,1.729,5.1837,2.54,,0.5211,2.3629,11.3461,2.7423,FALSE
SLGN,17.1671,4.848,2.12,3.4013,3.64,36.483,0.4877,3.1515,4.848,3.2763,FALSE
COH,19.4543,3.6831,1.597,3.9115,2.95,55.0794,2.3305,4.6929,3.6831,1.1456,FALSE
BRKS,30.2764,0.9357,0,1.9901,3.03,,1.3646,1.4161,0.9357,0,FALSE
FLR,11.759,2.0018,2.007,9.8526,5.02,,1.1413,4.5434,2.0391,1.0511,FALSE
ACIW,24.7224,2.9522,1.712,8.1557,8.12,0,0.8231,3.8837,2.933,4.1645,TRUE
RCII,5.1176,1.2555,0.52,25.35,2.45,,0.3024,0.6977,1.2554,,FALSE
DNB,12.1758,0,1.609,10.3325,2.49,21.9394,0.927,1.3464,-2.8685,4.597,FALSE
NATI,33.9258,3.1395,0,3.7418,7.79,75.2934,2.2861,8.4685,3.1644,0.1758,TRUE
EW,33.5766,6.5693,1.767,2.7192,2.12,0,3.2341,9.139,6.5788,0.8552,FALSE
HPT,22.8557,1.3322,3.167,10.4692,5.46,,,,1.3322,4.9383,FALSE
XEL,18.9027,1.8969,3.496,-3.367,2.57,77.8184,0.3608,0.9238,1.8967,4.3059,TRUE
IART,25.7417,2.7501,1.467,0,7.24,0,1.2965,3.1807,2.7531,5.7842,FALSE
COL,16.2333,5.5789,1.589,4.7365,4.11,32.3308,0.3631,3.3324,5.576,2.0729,FALSE
IBOC,10.7798,0.8795,0,12.5218,8,0,,,0.8807,,TRUE
FTI,10.3765,2.0768,0,12.9089,1.7,0,1.0407,3.2472,2.0858,1.4698,FALSE
ZBH,21.9341,1.8839,1.098,2.1512,3.33,42.2725,1.8978,2.4765,1.872,9.796,FALSE
HLIT,0,0.7227,1.108,-3.0063,14.97,,2.6191,-5.205,0.8278,14.4658,TRUE
CBG,13.0164,2.8733,0.817,6.583,1.02,0,0.6031,3.3439,2.8727,3.8523,FALSE
CUB,12.5259,1.1199,0,0.3269,2.17,,1.5427,4.672,1.1199,2.4187,FALSE
WAB,14.1264,3.2734,0.939,6.8645,8.57,7.4917,1.0848,6.5336,3.4388,1.0348,FALSE
SSS,32.3038,3.1168,4.147,-3.8727,2.97,102.1828,,,3.3121,4.038,FALSE
GME,6.9023,1.3462,0.563,17.176,17.87,67.8784,0.1567,5.6793,1.3641,0.4358,FALSE
CACI,16.8499,1.4729,1.53,10.875,1.88,0,1.578,7.562,1.473,0.4345,FALSE
POOL,26.6324,12.9063,1.478,3.5773,5.52,446.539,0.2211,7.4987,12.873,1.4114,FALSE
KMX,14.51,2.9081,0.965,-9.9741,10.39,0,0.132,,2.8811,9.0037,FALSE
MD,18.4302,2.5374,1.148,5.5847,6.33,0,1.1782,10.9671,2.5456,2.3328,FALSE
STX,12.275,4.7847,1.58,12.2642,4.37,114.1636,1.0484,3.0646,4.7874,2.441,TRUE
CENX,0,0.3771,0,-12.2786,4.98,,0.7463,0.3498,0.3766,6.2174,FALSE
FIS,20.0397,2.0168,1.204,6.0322,1.13,72.8739,1.0105,2.9852,1.7536,6.4699,FALSE
AEIS,0,4.1795,0.391,8.9405,3.38,0,2.1654,6.3602,4.3147,,FALSE
POM,22.5154,1.5097,4.852,-4.386,5.45,56.6777,0.3804,0.7894,1.5057,4.7115,TRUE
CSGS,20.1556,3.5262,1.969,10.1852,8.75,22.8798,1.1657,3.2373,3.5414,1.8103,TRUE
WYNN,20.6313,0,3.054,-22.805,3.8,58.0136,2.0033,1.0153,-53.016,9.4033,FALSE
CRR,0,0.5531,0,2.2424,13.34,,1.8134,2.211,0.5532,,FALSE
AFFX,72.0643,3.3308,2.106,2.3221,8.19,0,2.8807,2.1107,3.3311,3.2196,FALSE
AIZ,37.2514,1.1134,1.357,2.66,1.49,50.5932,,,1.1132,,FALSE
TTEC,16.8341,2.7784,1.067,5.5828,2.91,0,1.6615,4.9208,2.7735,0.6456,FALSE
NRG,19.5265,1.2782,0,0.3567,2.84,,0.6114,-0.0152,1.2782,,FALSE
DCOM,13.6048,1.2764,0,7.9595,3.63,44.9573,,,1.2739,,TRUE
GNW,3.2459,0.0649,0.394,191.5744,1.87,,,,0.0648,,FALSE
THG,12.3367,1.2228,1.817,11.7526,1.6,26.0746,,,1.2299,,FALSE
RF,9.8818,0.6264,2.037,11.7974,1.11,28.6985,,,0.6303,,TRUE
PRXL,19.1314,5.9888,1.129,1.1087,5.85,0,0.882,4.6129,6.0327,1.7112,FALSE
MOS,8.8256,0.8824,6.279,9.3065,3.66,62.5403,0.9526,2.5747,0.8824,1.912,FALSE
SWM,11.9272,2.6599,0.898,9.7472,3.01,56.0676,2.1328,3.3565,2.6597,3.9688,FALSE
BBCN,12.307,1.2298,1.211,9.7064,5.67,38.2669,,,1.2296,,FALSE
HAFC,11.7762,1.3148,1.485,0,3.01,30.0508,,,1.3148,,TRUE
IM,11.4986,1.0242,4.436,31.6433,4.75,0,0.9284,5.5251,1.0333,2.1662,TRUE
MCF,0,0.4726,0,-48.1202,7.89,,0.2325,5.0091,0.4732,,FALSE
HUBG,18.0391,2.0074,1.318,6.8785,1.13,0,1.6385,5.8704,2.011,0.9684,FALSE
Y,13.1937,0.9414,0,0,1.88,0,,,0.9432,,FALSE
STRA,11.7373,3.3794,3.552,13.8536,5.5,0,2.1776,7.6044,3.3794,0,FALSE
REX,14.8362,1.0592,0.63,7.3115,9.99,0,6.3191,,1.0926,0,FALSE
HIBB,10.9373,2.302,0.821,4.213,12.16,0,7.6104,,2.301,0.023,FALSE
NCI,13.188,1.1347,0.941,6.5576,2.23,0,1.5902,4.7768,1.1351,0.0281,TRUE
TGI,4.3627,0.5709,0.285,-8.6826,3.12,,0.6466,2.8117,0.571,4.187,FALSE
AVT,8.3489,1.0919,0,5.2906,2.91,14.3579,1.1767,4.7221,1.0916,2.3063,FALSE
UNFI,12.544,1.1547,1.168,7.9951,4.51,0,0.7779,6.3983,1.1545,1.6443,FALSE
HLX,16.9498,0.2734,0,-60.4681,4.42,0,2.7522,6.5684,0.273,1.5384,FALSE
CHD,27.2473,5.6839,2.589,4.6918,5.22,40.1017,0.6946,7.7165,5.735,1.3545,TRUE
WTFC,12.8361,0.9179,0,-0.3811,7.04,16.6954,,,0.9176,,FALSE
DRE,21.8162,2.0574,19.266,-1.8604,2.43,779.708,,,2.0573,7.584,TRUE
EGN,33.7395,0.7279,0,-22.3129,2.32,,0.2239,0.8351,0.7284,,FALSE
FORR,38.0258,4.3313,2.087,5.1042,6.64,148.5149,0.9233,3.162,4.3288,0,FALSE
FRT,44.5087,6.1675,7.503,-0.7657,3.01,96.3108,,,6.1832,5.5635,FALSE
VSAT,95.4519,2.5077,1.934,-2.8807,20.13,0,1.3,2.5461,2.5077,3.1934,FALSE
MDU,20.1717,1.3471,2.329,0.4739,2.37,79.4333,0.712,1.6013,1.3471,,FALSE
LAD,10.1199,2.418,0.458,-0.4297,6.47,11.0877,0.2222,4.1835,2.4216,5.6901,FALSE
PLCE,18.2682,2.2914,1.436,11.2547,6.52,7.9089,0.7642,5.1715,2.3535,0.2407,FALSE
FOX,14.9698,3.2236,0.866,5.4269,1.77,43.5757,0.9234,3.0006,3.1957,3.043,TRUE
BJRI,23.5071,3.1752,1.118,3.9211,8.45,0,0.513,3.947,3.2437,0.8205,FALSE
RSTI,13.4694,1.0268,0,6.2029,3.49,0,2.8522,5.8743,1.0268,0.3207,FALSE
NSP,23.0152,5.9743,0.927,4.6913,8.49,87.2309,0.5887,4.9355,6.0215,0,FALSE
TOL,12.1656,1.0294,0.527,1.3971,1.37,0,0.4059,2.6764,1.0293,8.057,FALSE
KRC,19.905,1.4958,7.508,-8.6662,5.09,127.3783,,,1.4952,7.2087,FALSE
DEL,384.2094,2.6799,0,0.0598,13.3,,0.2125,2.33,2.6898,6.9675,FALSE
LNT,19.5469,2.0824,3.084,-2.0899,1.98,177.0312,0.2968,1.0884,2.0806,4.0329,FALSE
EPIQ,43.8259,1.4033,1.259,14.5255,8.74,37.8576,1.9814,3.3285,1.4025,4.5538,TRUE
SPTN,9.6404,0.9186,0,19.3559,3.54,32.6823,0.6345,6.067,0.9185,2.7774,FALSE
EV,12.8032,5.4935,1.559,11.339,7.33,29.5735,,,5.5278,2.2208,FALSE
GIFI,0,0,0,3.6221,2.93,52.7944,,,0,1.9801,FALSE
FOSL,6.5762,1.7586,0,17.1289,5.78,0,1.3483,4.769,1.7584,2.1334,FALSE
JBHT,20.556,6.5826,1.318,1.7012,3.75,20.6946,1.2398,4.2088,6.6204,0.9524,FALSE
UMPQ,13.0772,0.8425,1.136,9.3634,4.07,55.5417,,,0.8427,,TRUE
LRCX,12.3191,1.8729,1.25,10.139,8.17,21.3146,2.5035,3.7158,1.8768,1.9843,FALSE
CXW,14.8381,2.2889,2.755,5.2538,7.31,130.1476,0.9234,1.6825,2.2888,3.3608,FALSE
MHK,15.1513,2.3408,1.163,3.5909,1.74,0,0.4109,3.7822,2.3408,2.6661,FALSE
OSIS,18.7258,1.9039,0.934,4.5749,3.16,0,0.7774,4.5741,1.9068,0.5381,TRUE
PNR,14.4512,1.8108,1.392,7.4282,6.4,62.6609,0.8705,3.087,2.0324,4.7442,FALSE
OZRK,18.8808,2.453,0,5.288,7,25.2268,,,2.453,,TRUE
SEIC,17.5478,4.3926,1.336,5.7885,1.53,52.5479,4.1158,20.2879,4.4169,0,FALSE
FIX,19.4328,2.6662,0.724,8.3318,3.43,18.4233,1.174,6.0041,2.6678,0.1014,TRUE
FARO,29.7377,1.2237,1.278,3.3641,12.11,0,3.4946,,1.2834,0,TRUE
EPR,18.3079,2.0973,16.575,-9.0035,7.25,116.9918,,,2.1749,5.8369,FALSE
WWD,16.6201,2.3917,2.163,0.495,9.45,24.6199,0.8661,4.1124,2.3721,2.884,FALSE
EQY,39.3561,2.2379,0,2.2618,3.36,212.1129,,,2.4422,5.8675,FALSE
PETS,15.77,3.9642,1.698,7.7144,15.62,74.1534,8.3163,33.2204,3.9642,0,FALSE
POWI,27.9524,2.7829,0.657,6.6993,4.77,26.911,3.4943,17.2529,2.7613,0,FALSE
SKYW,7.3584,0.4947,0.67,-39.7613,2.61,5.0309,0.7345,1.3033,0.4922,3.9053,FALSE
DRQ,10.2786,1.4697,0,8.2511,2.46,0,6.9545,16.3183,1.4853,0,FALSE
URI,6.1601,2.7844,0.449,8.4885,2.88,0,0.8994,1.6228,2.7599,2.9498,FALSE
MKSI,15.3989,1.5132,0.997,7.1533,8.18,35.4474,8.3544,13.0642,1.5148,0,FALSE
INGR,17.7391,3.4021,4.458,5.5035,2.39,31.024,1.4987,4.0582,3.3987,2.1515,FALSE
SRDX,16.0579,2.5263,2.578,5.5819,19.22,0,8.5931,13.5016,2.5263,0,FALSE
MANH,33.0214,17.2078,1.802,3.2059,3.6,0,1.778,25.7469,17.2627,0,TRUE
BRKL,14.9859,1.1265,0,8.0241,4.84,47.3922,,,1.1187,,TRUE
MRCY,28.8058,1.5965,3.034,5.6896,4.64,0,2.8272,10.8755,1.6728,0,FALSE
AMD,0,0,0,-22.5171,13.22,,0.9394,-2.0459,-3.6543,,TRUE
AMSG,21.5805,1.5909,0.775,15.9722,5.49,0,1.0958,6.9768,1.5908,3.3923,FALSE
ADC,16.5963,1.6528,0,-28.6631,2.09,113.7907,,,1.6509,5.6465,FALSE
LHO,20.3354,1.1463,2.953,-9.7544,5.46,217.1683,,,1.146,3.8097,FALSE
HSII,24.0675,1.6735,1.289,9.5271,4.31,190.4762,1.1616,2.8058,1.6739,0,FALSE
JBLU,10.2287,2.017,0.512,10.5126,2.93,0,0.4448,2.0951,1.9708,1.1807,TRUE
HZO,18.4922,1.2754,0.835,-10.2025,5.46,0,0.1826,,1.3503,5.437,TRUE
WCN,30.8426,3.5433,3.758,4.7568,5.5,34.1545,0.7036,2.4635,3.5439,10.6349,FALSE
FNFG,15.402,0.8062,0,8.1001,1.16,64.7354,,,0.7989,,TRUE
KFY,14.7005,1.5441,0.968,3.2011,2.89,27.812,2.1885,5.0795,1.3829,0,FALSE
WDC,6.6644,0.9754,0.675,18.3165,2.66,46.2151,1.2784,4.7349,0.9784,1.1026,FALSE
RJET,0,,,,,,,4.1846,0,,FALSE
PVTB,13.8485,1.5066,1.296,9.9578,4.67,1.5414,,,1.5111,,FALSE
SKX,17.5914,3.1101,0.326,2.7732,2.67,0,1.4764,7.4737,3.1637,0.2097,FALSE
SCSS,14.7462,4.5238,0.766,2.0261,2.16,,0.2514,6.7555,4.6377,0,FALSE
AMWD,17.1493,3.4389,0,4.9919,2.24,0,2.523,6.2256,3.4347,0.2352,TRUE
BCOR,436.6433,0.6689,0,4.2746,5.54,0,0.4495,-2.8911,0.6695,13.6125,TRUE
CEB,18.6141,38.8989,0.97,7.2802,3.12,67.8747,0.6607,1.8385,39.118,2.608,FALSE
CNC,20.8093,3.097,0.784,7.5796,6.88,0,0.8859,5.1637,3.0677,1.4484,TRUE
CREE,0,1.2553,0.63,3.3045,9.56,0,3.3959,5.0251,1.2554,2.804,FALSE
CRI,18.8339,5.1691,1.175,4.6223,1.19,15.727,2.2411,6.8119,5.0983,1.267,FALSE
IRC,52.5597,2.8825,0,-2.4116,3.12,,,6.8004,2.8825,8.2995,TRUE
EPAY,0,3.0281,0.778,3.9076,12.22,,1.9582,2.39,3.2589,4.2527,FALSE
GMCR,28.1435,5.2987,1.693,4.2241,2.57,46.4128,1.3583,9.4328,5.3095,0.4901,FALSE
SNH,19.7972,0.9917,3.911,-25.0324,4.15,969.7409,,,0.9917,6.1315,TRUE
REG,49.2014,3.9773,0,0.3767,2.83,264.4611,,,3.876,5.3272,FALSE
EWBC,10.6076,1.3433,1.109,10.7565,0.92,31.3491,,,1.3432,,TRUE
MAC,89.7069,2.4532,14.187,1.4858,3.72,176.3068,,,2.5156,6.882,FALSE
SFG,21.0258,2.2279,0,6.8496,0.76,154.2857,,,2.2195,,FALSE
JCOM,23.0384,3.4209,0.807,6.9963,6.02,43.8469,2.2876,6.669,3.4618,2.0559,FALSE
NYCB,13.8256,1.2633,1.469,-6.0935,5.76,,,,1.2633,,TRUE
STMP,25.2014,5.9202,0.985,3.1564,4.61,,0.9731,1.8064,5.886,67.8505,TRUE
RNR,9.5646,1.1414,1.625,8.0697,4.42,14.1987,,,1.1453,,FALSE
UCBI,13.0957,1.1756,0,9.4437,3.34,23.803,,,1.1755,,FALSE
MLM,28.1332,2.0482,0.853,2.9947,3.43,31.4904,1.5777,3.4309,2.101,2.1507,FALSE
ECPG,4.4965,0.8441,0,16.7739,33.15,,,0.7445,0.8437,11.5407,FALSE
RYN,48.7168,1.8348,2.693,4.9569,3.57,298.9975,1.2109,2.4297,1.8495,4.3554,FALSE
CIR,20.04,1.4397,0.992,2.6953,7.88,8.6073,1.2673,3.7574,1.4503,1.6968,FALSE
NTRI,19.4417,7.721,0.909,3.4761,7.05,134.0493,0.5876,12.0572,7.7068,0,FALSE
LPT,16.0469,1.3779,4.774,-2.1522,1.38,87.1129,,,1.3797,6.4587,FALSE
VVC,18.6318,2.1897,3.459,0.7704,1.59,50.7362,0.8426,1.5686,2.1872,2.9283,TRUE
RECN,18.2053,1.5432,0,6.3069,4.83,42.7962,3.267,9.2938,1.5433,0,TRUE
ABCB,15.8993,1.6432,0,-1.2558,8.95,11.3796,,,1.6432,,TRUE
CAMP,32.54,3.2728,0.661,6.6718,8.41,0,6.0164,3.9917,3.2742,3.2319,TRUE
CLMS,15.5201,0,2.205,0,4.04,309.0958,,,0,,FALSE
DTSI,269.7176,1.8163,0.574,-0.0307,11.19,,1.321,1.568,1.8102,26.4336,FALSE
GHL,27.3209,2.3897,1.005,12.6485,4.32,179.2804,,,2.3897,0.6859,FALSE
ININ,0,3.2182,0,1.372,7.69,,1.6394,2.4588,3.2004,11.6278,FALSE
BABY,26.169,2.891,0.998,2.9784,4.29,0,2.3545,13.7188,2.8795,0,FALSE
NTCT,30.7671,0.7588,0.678,8.2963,2.83,,1.3927,2.8763,0.7588,2.2146,TRUE
PRFT,24.5891,1.7216,0,7.08,4.99,0,1.6453,7.2167,1.7681,1.0454,TRUE
SYNA,23.3471,3.4299,0.758,8.9257,6.41,0,1.781,5.3394,3.4315,0.8499,FALSE
TSRA,11.4314,2.6721,0.552,10.2507,4.33,44.6487,18.4584,40.0398,2.7115,0,FALSE
SSI,14.9813,0.5254,0,-20.0031,18.09,20.6061,0.0751,2.5618,0.5013,1.4376,TRUE
UTHR,13.8864,3.4134,0.992,6.0723,9.37,0,2.601,9.4426,3.4036,0.0074,FALSE
WCG,22.5642,1.9799,1.027,16.8158,2.78,0,1.3169,4.5236,1.9795,2.654,FALSE
ALXN,51.6494,3.7284,1.099,1.3094,2.25,0,2.6702,7.4204,3.7226,5.1295,FALSE
NILE,34.5667,19.5112,1.49,1.5266,3.68,0,0.6723,4.6979,19.4407,0.0245,FALSE
GBX,3.615,0.9639,0.646,12.0878,9.77,8.466,0.7927,3.9097,0.9639,0.927,FALSE
RE,7.525,1.0544,1.028,15.9426,4.31,13.8221,,,1.064,,FALSE
TDY,14.9623,2.0029,0,5.9236,4.62,0,1.1639,5.1919,2.0567,2.1022,FALSE
DKS,13.1512,2.366,0.91,6.479,3.74,33.484,0.1198,4.2644,2.4344,0.4567,FALSE
MANT,20.6778,0.8696,2.355,14.508,4.09,56.8714,0.1513,9.2851,0.8668,0,FALSE
BWLD,26.8542,4.0414,1.198,2.431,1.86,0,0.2062,7.8995,4.0686,0.2748,FALSE
XOXO,43.4327,2.3921,0,5.4155,5.11,,3.5381,8.7104,2.3942,0,FALSE
ENDP,39.6164,1.9436,0.79,-0.5561,2.97,0,0.3648,-0.2459,1.9814,,FALSE
CCMP,19.8533,2.1026,0,7.3765,4.26,0,5.2506,4.7097,2.0955,1.8638,FALSE
OMCL,34.2673,2.4299,1.013,2.6873,6.92,0,1.5259,5.7838,2.4186,0,FALSE
GB,16.1404,1.1092,0.776,-3.5857,2.6,,1.3553,5.2747,1.2135,29.6662,FALSE
PNFP,17.0675,1.5773,0,4.2788,8.35,18.3541,,2.0766,1.5752,,FALSE
TTMI,170.6951,0.771,0,22.9417,10.25,0,0.9599,1.4774,0.7709,5.6235,TRUE
GPN,23.2583,8.4302,1.533,8.0863,4.22,1.6465,0.5254,3.1288,8.4293,4.2293,FALSE
NTGR,23.2995,1.65,0,8.2805,2.24,0,1.8016,5.0752,1.5948,0,FALSE
BKMU,24.0159,1.2166,0,3.7789,8.18,61.5718,,,1.2178,,FALSE
UTI,0,0.7213,0,-31.173,19.41,,0.8347,1.3141,0.7213,62.3198,TRUE
CCI,51.7977,4.4891,4.513,3.2338,3.79,223.801,,1.4203,4.4891,6.1234,FALSE
SNX,15.9336,1.8715,0,16.2001,8.13,12.7298,1.0954,5.4952,1.8951,1.5956,FALSE
BID,11.1442,1.8666,0.531,9.2313,5.3,16.8481,1.5242,1.4059,1.8961,1.5484,FALSE
ALGN,33.1412,5.4999,1.269,3.9378,6.13,0,2.5245,12.0152,5.4992,0,FALSE
AAP,18.7873,4.2159,1.166,4.3896,2.78,3.6594,0.137,4.0087,4.2115,1.1301,FALSE
AYI,31.7846,5.4584,1.19,2.9857,3.74,8.3212,1.9035,9.6145,5.4939,0.7817,FALSE
CCRN,27.5994,2.5929,0.889,4.4118,7.3,,1.7354,,2.6434,3.139,TRUE
AHS,15.5152,3.1599,0.979,2.6736,6.75,0,1.348,5.4697,3.1589,1.4582,TRUE
ILMN,47.4767,11.0611,2.36,2.5511,3.71,0,2.9022,11.2659,11.0472,1.4752,FALSE
CPSI,28.7968,8.5348,1.504,4.8276,6.51,213.1415,3.9574,23.4308,8.5348,0,FALSE
LKQ,17.1665,2.3732,0.842,4.8797,3.15,0,0.901,6.7226,2.3726,1.9028,TRUE
ADS,18.7074,5.3644,0.749,13.89,1.61,0,0.2926,1.7089,5.3874,3.4914,FALSE
KND,6.8445,0.5011,1.086,0.994,8.58,23.5977,1.2601,2.5797,0.5012,10.8915,FALSE
WOOF,20.9732,3.0062,1.226,5.8851,1.34,0,0.7556,7.7521,3.0017,2.1204,FALSE
BGFV,17.2346,1.3945,1.37,2.9793,5.09,50.5287,0.1324,3.8412,1.3978,1.2237,FALSE
NUVA,45.2641,3.1605,2.42,0.6198,3.35,0,4.8722,4.4138,2.9491,1.8368,FALSE
EPC,16.5944,2.4399,1.916,0.4689,2.75,0,1.8275,2.5279,2.4417,,FALSE
CMP,15.3383,3.7979,1.945,-3.2749,6.8,38.0867,1.2073,3.5621,3.7979,2.4258,FALSE
GRMN,14.6519,1.9255,3.078,3.104,8.78,72.9336,1.8242,5.6046,1.9318,0,FALSE
ENS,10.8942,1.8771,0.823,11.8971,3.92,20.191,1.8454,4.1487,1.8364,2.2903,FALSE
MGLN,22.7805,1.2522,1.105,12.4863,2.57,0,1.1963,4.8828,1.297,1.4425,FALSE
CEVA,58.6571,1.9902,1.237,4.6512,4.16,0,5.3738,,1.9817,0,TRUE
SAFT,0,1.3139,1.011,2.2524,8.26,101.2358,,,1.3138,,FALSE
RRGB,17.9235,2.1667,1.825,-3.0295,5.96,0,0.284,3.9579,2.2143,1.46,FALSE
NPO,29.1147,1.9327,0.78,5.8045,7.85,0,1.1335,3.337,1.9596,6.9854,FALSE
XEC,0,2.7775,0,-5.005,2.59,,2.4502,-0.0932,2.7699,,FALSE
SPOK,20.8157,1.0801,0,8.8029,6.11,7.0572,2.841,7.0199,1.059,0,TRUE
PFS,13.723,1.0075,0,9.4048,2.77,49.917,,,1.0117,,FALSE
PRAA,6.2902,1.5158,0.398,15.0923,18.19,0,,,1.5826,5.1003,FALSE
IPCC,17.692,1.2609,1.724,2.835,3.13,43.3874,,,1.2727,,FALSE
AHL,9.4956,0.8984,0,21.7238,0.75,11.8081,,,0.8964,,FALSE
EQIX,71.2007,5.9954,2.72,-0.0582,3.17,951.1152,1.5297,1.8764,5.9827,5.9581,FALSE
MOH,18.72,1.8516,0.486,37.4035,6.45,0,1.2368,3.4845,1.8543,3.1408,FALSE
PJC,10.2979,0.676,0,69.182,2.01,0,,,0.676,7.7834,FALSE
WDR,7.1531,2.0584,0,11.6074,3.24,56.7546,,,2.0619,0.3967,FALSE
SBNY,17.5096,2.2499,1.433,8.5234,2.83,0,,,2.3472,,FALSE
MBFI,14.2958,1.0437,0,4.2862,6.9,29.9501,,,1.0439,,FALSE
KAMN,17.6298,2.0412,1.086,7.15,9.06,55.594,1.0755,4.517,2.0453,3.099,FALSE
CAB,13.8496,1.4961,0.987,-2.7812,8.14,0,2.193,1.6838,1.5292,9.6583,FALSE
ACC,76.2431,1.7557,29.205,-8.3364,0.82,158.4595,,,2.0361,8.1161,FALSE
TXRH,26.1579,3.7753,1.707,2.1566,7.2,51.8854,0.4082,7.3304,3.7782,0.1199,TRUE
EXR,50.1772,4.7103,4.305,-0.2074,2,840.1589,,1.9857,4.6852,8.2586,TRUE
CVBF,14.8192,1.712,0,6.6052,10.89,44.8418,,,1.7117,,TRUE
NP,15.3489,3.303,1.387,6.6146,3.73,35.6915,0.9566,3.8577,3.062,1.7184,FALSE
MPWR,68.8273,6.0538,1.344,2.4194,1.92,78.368,6.1408,26.4552,6.0279,0,FALSE
BDC,19.1741,2.3301,0.636,9.4184,3.41,4.2248,1.0999,3.1734,2.3298,6.0263,FALSE
DWA,123.3735,1.6566,0,1.5721,8.66,0,1.0446,3.1351,1.649,5.1259,FALSE
NWE,19.1458,1.8833,3.33,2.0888,5.44,50.0073,0.3029,0.8774,1.7516,4.9697,TRUE
ZEUS,0,0.423,0,90.8759,21.17,,1.2261,3.4434,0.4255,,FALSE
ASB,14.0247,0.904,1.735,9.2541,4.82,40.3314,,,0.8949,,TRUE
CRAY,52.2772,2.901,1.181,10.1031,4.55,0,2.4462,5.6903,2.8938,0,TRUE
BANR,14.2528,1.0162,1.308,2.25,3.8,88.374,,,0.974,,FALSE
ORI,13.6871,1.1845,0,15.1207,2.01,53.0474,,,1.1822,,TRUE
MNST,39.532,5.0166,0,0.5955,1.97,0,6.3646,,5.0486,0,FALSE
TDS,52.0613,0.6004,0,-0.3808,2.01,,1.8928,1.9548,0.5992,1.9769,FALSE
AEO,12.2385,2.2856,0.914,7.0742,8.29,35.985,0.7384,5.8898,2.4696,0,FALSE
HSC,10.5771,1.7873,0,-0.4203,3.71,29.3273,0.6612,6.4048,1.7873,0,FALSE
CLGX,25.3269,2.791,1.32,9.6303,2.21,0,0.5904,2.5901,2.7885,3.9024,TRUE
DST,16.5065,3.2615,1.396,3.1696,1.42,15.288,0.9747,3.7476,3.2904,1.3145,FALSE
PLKI,30.8877,22.1069,1.603,3.7558,6.21,0,0.3215,7.2717,22.1293,1.3405,TRUE
GWR,14.9055,1.2572,3.466,3.3364,3.64,0,0.7838,7.4611,1.2561,4.0246,FALSE
WTR,26.8869,3.2753,3.179,0.1076,5.69,110.4784,0.5299,1.3125,3.2731,3.9924,TRUE
FCN,18.9818,1.2633,1.159,7.4461,8.84,0,1.1672,,1.2853,2.383,FALSE
UDR,104.4839,3.3918,42.561,-0.3706,2.72,44.8815,,,3.394,6.602,TRUE
AIR,0,0.7976,0,-20.3447,6.48,24.7619,0.8679,2.7815,0.7976,6.2841,FALSE
LAMR,18.9141,4.7473,1.806,7.5933,6.09,87.2212,0.8141,2.6917,4.7426,3.3144,FALSE
SLG,32.641,1.1174,10.476,-31.3135,2.55,71.7082,,0.8623,1.1288,10.2753,FALSE
UFS,9.4045,0.7418,3.491,8.262,3.97,13.7719,0.9556,2.252,0.7418,1.9474,FALSE
WSM,15.3321,3.895,1.132,7.32,8.42,44.9093,0.1469,,3.9072,0.2985,FALSE
STLD,24.944,1.573,0.814,22.0136,2.02,22.2606,2.4405,2.9016,1.5663,11.6976,FALSE
ISIL,28.1828,1.6641,3.505,6.5903,3.43,74.7017,1.7263,4.7345,1.6614,0,FALSE
OSK,11.2949,1.2565,0,2.2402,6.44,96.3839,0.5436,4.0973,1.2567,2.018,FALSE
BRO,18.0639,2.0404,2.365,9.0659,3.75,28.8951,0.3441,4.3674,2.0695,2.0907,TRUE
PNK,20.2929,4.842,3.706,18.9061,5.13,,0.6058,0.9384,4.842,6.6721,FALSE
ADI,20.8593,3.0606,1.48,5.2263,1.95,129.9326,3.1382,8.9377,3.0664,0.8293,FALSE
ECOL,19.7228,2.6183,2.116,4.8277,6.95,75.6616,1.4311,3.8144,2.6179,3.2618,FALSE
CECO,11.0204,0.4861,0,-20.4733,13.98,0,1.107,1.0773,0.4854,,FALSE
AIT,14.7927,2.1501,1.869,11.1581,3.74,44.2675,1.7388,6.5015,2.1505,1.7282,FALSE
HRC,19.9493,2.5374,0.793,5.1439,4.2,217.39,1.287,3.294,2.5381,9.3802,FALSE
CHS,15.5404,2.1311,0.931,8.0693,5.05,,0.452,5.0037,2.1919,1.0895,FALSE
CYH,7.8087,0.5171,0.524,-1.6059,3.32,,1.2354,4.598,0.542,0.8723,FALSE
EFII,44.6323,2.13,0.736,2.6455,9.1,0,2.8731,4.147,2.1467,3.0639,TRUE
CPF,14.1071,1.2523,1.768,10.8516,2.65,131.7808,,,1.251,,FALSE
AJG,15.0427,1.8389,1.893,8.3596,2.16,105.0075,0.5283,1.903,1.8367,3.175,TRUE
SYKE,17.0122,1.7548,1.398,6.0517,2.84,0,3.3455,6.7128,1.7585,0.4577,FALSE
ATU,12.8937,1.9111,1.249,11.2485,6.95,15.3255,1.5212,4.3812,1.9051,6.3429,FALSE
TESO,0,0.5993,0,-9.7913,14.82,,2.6979,4.6133,0.5961,,FALSE
IOSP,12.5204,1.9026,0.88,8.6722,2.75,22.9457,1.3542,5.6249,1.9011,0.7107,FALSE
TLRD,6.5264,0,0,2.6658,5.93,,0.232,,-6.121,6.8934,FALSE
LIVN,32.2857,5.0727,0,6.007,7.43,,3.4127,,9.5383,0.1913,FALSE
AME,17.9228,3.3106,2.05,5.5025,2.07,15.6019,0.9601,7.2277,3.3439,1.8371,TRUE
MATX,13.6736,3.8335,1.067,10.2749,3.29,29.5038,0.8058,3.0003,3.8381,1.537,FALSE
SGY,0,0,0,-197.5445,4.66,,0.3692,-4.3445,-3.6303,,FALSE
LPSN,0,1.7528,1.07,3.0889,4.89,,1.4331,,1.7508,0,TRUE
ASEI,125.3515,1.2836,4.223,7.1045,2.7,,2.817,,1.2841,0,FALSE
COHR,24.7133,2.3299,1.322,4.4416,1.77,0,3.8886,7.8025,2.3302,0.0365,FALSE
LPNT,16.4756,1.2803,1.837,11.8562,3.64,0,1.6611,8.5672,1.292,4.0795,FALSE
GLT,11.949,1.1476,1.176,4.4271,2.81,15.2192,0.8954,2.868,1.1473,2.2798,TRUE
SPPI,0,1.3735,0,2.3314,13.8,,2.2316,-0.267,1.3726,,FALSE
AOS,20.3612,3.8867,1.395,4.8049,3.47,21.1129,1.7554,6.3363,3.8899,0.5388,FALSE
HOLX,40.3032,4.3048,1.742,7.9893,2.21,0,1.1588,1.2656,4.3091,3.7724,FALSE
CENT,14.7737,1.4239,1.304,7.1019,1.8,,0.9356,3.5281,1.3939,3.2712,FALSE
ELY,48.6471,1.8779,2.634,1.8784,1.87,,0.9259,4.9729,1.8009,0.3377,TRUE
ABM,14.9091,1.6678,1.199,7.0865,5.41,40.2124,1.4051,6.4902,1.6646,1.1765,FALSE
ALK,10.0764,3.4074,0.374,8.9393,7.37,13.1832,0.8527,6.4792,3.4334,2.1786,TRUE
RTEC,18.7283,1.3126,0.85,8.4329,7.18,0,2.1786,3.5573,1.3236,1.4942,TRUE
ASTE,25.9365,1.3995,2.97,1.1377,9.3,63.8303,0.8835,6.4619,1.3995,0.1307,FALSE
CBR,36.134,0.6942,0,-17.7321,3.49,,1.7213,4.5156,0.6891,1.8605,TRUE
DEPO,0,3.0504,0.564,14.9011,6.47,,1.2789,1.32,3.0351,22.8233,FALSE
ANIK,19.2537,2.7599,0.935,5.155,14.84,0,9.2667,16.7048,2.6867,0,TRUE
RMBS,48.9963,2.4409,1.096,5.2176,14.24,0,10.7211,3.9961,2.6028,1.1105,FALSE
BGC,8.6065,2.1365,0.752,29.2702,3.97,,0.8075,2.1445,2.1356,10.4922,FALSE
GLF,0,0.1254,0,9.1973,15.87,,1.3207,2.0699,0.1268,,FALSE
ODP,11.5919,1.6831,0.218,-1.0961,2.64,0,0.8148,2.8821,1.6825,3.7915,FALSE
SIRO,29.8578,4.2246,1.362,3.3594,3,0,2.2351,10.6019,4.2309,0.1752,FALSE
CRZO,0,3.2841,20.678,-24.2525,3.33,,0.342,-1.5049,3.2837,,FALSE
AMRI,36.6866,0,0,0,23.82,0,,,0,,TRUE
EGHT,0,3.4193,2.934,1.9806,4.18,,5.4077,18.5814,3.4193,0,TRUE
AMED,24.4864,2.7087,1.284,7.898,4.19,0,0.8705,5.833,2.7154,9.1996,FALSE
MAR,19.8885,0,1.342,6.9336,9.43,31.7946,0.3709,3.1646,-4.3526,2.7582,FALSE
GES,17.9617,1.4825,2.136,6.3442,8.46,153.5437,1.7646,4.9861,1.4813,0.0333,FALSE
RGEN,65.4637,5.731,3.163,1.7663,6.65,0,4.4233,24.8023,5.73,0,TRUE
ALOG,20.0958,1.6892,1.302,3.2491,12.65,90.3125,2.9366,10.0957,1.689,0,FALSE
ULTI,201.3684,13.1904,1.934,1.3735,3.36,0,0.2233,3.4725,13.1275,0.1253,FALSE
VDSI,12.4673,2.1958,0.838,12.5482,14.9,0,2.7457,10.3974,2.1804,0,TRUE
CPT,26.4182,2.4478,7.298,-0.0999,5.97,103.8592,,,2.1791,5.4025,FALSE
USPH,26.675,3.6916,1.939,5.8255,12.11,30.7806,2.8619,14.1123,3.6916,0.8889,FALSE
SAH,8.1413,1.1131,0.782,-12.786,6.19,6.0125,0.1996,3.7506,1.1102,8.1564,FALSE
STL,14.7431,1.0814,0,4.9471,3.96,27.7115,,,1.0792,,FALSE
MRTN,20.1281,1.4043,0,-10.0689,4.45,9.4562,1.4242,3.7712,1.4413,0.2776,TRUE
ACET,15.669,2.1492,0.562,3.9326,11.11,21.1233,2.0357,5.4702,2.1493,1.4741,TRUE
AKS,0,0,0,25.8625,8.05,,0.481,0.8781,-0.4021,7.2725,FALSE
SUNE,0,0.5939,0,-413.0068,3.77,,,,0.6919,,FALSE
MWW,11.3103,0.7828,0.603,11.8462,6.1,,1.0018,-1.7537,0.8002,3.3213,FALSE
CFNL,12.9994,1.4175,0,-3.6705,3.9,39.3123,,,1.4104,,TRUE
NR,0,0.69,0,14.7922,4.53,,2.0655,1.7712,0.6907,,TRUE
JNS,11.977,1.3357,0.968,12.6358,4.5,36.8889,,,1.3435,1.1187,FALSE
ITT,11.9815,2.0921,1.323,5.0342,1.1,28.9286,1.0896,3.066,2.0921,0.5227,FALSE
KRG,0,1.2723,0,3.4926,2.6,424.1881,,,1.2721,7.156,FALSE
OFG,0,0.2489,0,40.7675,7.88,,,,0.2489,,FALSE
QLGC,20.1204,1.3715,1.058,7.3714,2.24,0,6.6624,9.3176,1.3715,0,FALSE
MDP,13.3195,1.787,0,7.9316,5.3,63.6551,0.6322,5.0186,1.787,2.9549,FALSE
NYT,20.9477,2.3913,1.82,7.3734,9.58,12.5494,1.456,2.2736,2.3987,2.1759,FALSE
STR,19.4939,3.3134,0,2.08,0.76,72.4067,0.1401,1.3443,3.3132,2.8652,FALSE
HA,10.6968,3.9974,0.43,19.7372,2,0,0.8337,2.2844,3.9974,1.4489,TRUE
CSX,12.3166,1.9788,2.172,3.4463,1.03,37.5837,1.2398,1.7861,1.9981,2.2335,FALSE
ESV,1.8051,0.3061,0,1.7024,2.64,,2.4075,0.5311,0.3062,,FALSE
KBH,10.8336,0.5326,0.461,19.5967,5.67,5.2566,1.0209,1.9829,0.5326,17.5781,FALSE
CVG,16.0534,1.7345,1.115,5.9593,11.45,18.2347,2.2258,5.1526,1.7458,16.9572,FALSE
TWI,0,0.4765,0,9.4496,10.65,,1.3979,1.4736,0.4758,11.2845,TRUE
RIG,1.8785,0.2237,0,44.6458,10.63,0,1.393,0.9748,0.228,3.6469,FALSE
KATE,27.9402,8.1569,0.502,2.5236,5.45,0,1.4773,3.8368,8.1443,3.4517,FALSE
ASH,13.1985,2.2711,1.374,2.4243,2.88,27.8571,1.1857,3.8293,2.2711,5.1889,FALSE
GGP,17.3723,2.7479,5.99,-0.0615,1.32,88.2154,,,2.7482,8.8488,TRUE
TDW,0,0.1029,0,-4.2368,4.33,,0.7595,1.1294,0.1029,7.4513,FALSE
TEX,10.8522,1.1479,1.229,4.898,1.13,44.589,0.9637,2.7452,1.1564,3.7882,FALSE
TRN,5.0113,0.903,0.583,-2.7123,8.41,8.4441,1.6624,2.5861,0.9028,1.8738,TRUE
UFI,12.3282,1.2825,0.479,1.1901,2.62,0,1.5337,4.2209,1.2838,2.4022,FALSE
EGOV,25.9774,9.4029,1.641,4.2552,2.93,0,1.4752,8.9543,9.4004,0,TRUE
SSP,235.0952,1.5136,3.785,-1.1624,15,,2.3365,1.6996,1.5145,,TRUE
BC,12.8974,2.7401,0.736,5.3553,3.12,,1.1749,4.2383,2.7471,1.0663,FALSE
SNV,16.3525,1.2299,1.782,11.6828,3.18,28.0135,,,1.2399,,FALSE
NCR,7.6987,3.7504,0,18.6356,1.8,0,0.8866,2.4515,3.7363,7.3409,FALSE
ARE,36.6977,1.4498,12.526,-9.1241,2.82,157.4433,,,1.4664,7.9416,FALSE
SANM,13.581,0.9865,0.717,7.7951,2.54,0,1.013,1.0479,0.9865,1.6818,TRUE
LSTR,18.0297,5.5281,1.418,7.9861,7.18,9.03,1.6941,7.7967,5.5281,0.5905,FALSE
ABG,8.4547,3.7094,0.602,4.0009,2.22,0,0.2957,4.1115,3.7948,5.0332,FALSE
MSM,18.0094,3.0356,1.206,6.3459,3.41,47.8336,1.1308,7.6418,3.0325,0.7919,FALSE
PTC,22.5225,3.8061,0,6.2946,1.41,,0.7908,2.1143,3.8061,8.065,FALSE
ATW,0.8435,0.1339,0,48.177,4.15,12.429,3.1434,,0.1339,2.3499,FALSE
LPX,0,1.95,5.156,-4.3728,5.9,,3.6175,2.7265,1.9483,19.5311,FALSE
PRGO,48.405,1.9785,1.153,4.4092,5.23,,0.6469,3.883,2.0242,5.2368,FALSE
DDD,0,1.4366,2.825,-2.6794,10.21,,2.152,-1.0466,1.4347,,TRUE
WWE,43.1479,5.9725,2.112,2.37,9.88,,1.222,5.7328,5.9725,0.3298,TRUE
ANIP,21.7227,2.0806,0,4.5765,8.54,0,15.0235,4.3099,2.079,2.8643,FALSE
SWC,41.2737,0.8827,10.784,0.3748,8.65,0,6.8217,2.4652,0.8823,5.7106,FALSE
FCS,68.4503,2.0854,0,1.1161,2.79,,1.8223,3.8529,2.0838,1.4304,FALSE
LMNX,18.588,2.0392,1.356,4.9543,14.13,0,6.2201,18.1109,2.0752,0,FALSE
BCPC,33.2133,4.2603,2.579,3.1952,7.45,69.3877,1.7909,6.8341,4.2595,2.2215,FALSE
BEL,72.3969,1.3181,0,1.2911,5.58,0,1.3003,0.9819,1.3277,5.0366,FALSE
XXIA,69.3555,1.3825,0.633,12.802,5.11,0,0.9596,4.6999,1.3702,0.4566,FALSE
EE,20.4492,1.6352,2.362,-5.0882,1.54,1806.6284,0.2688,1.0597,1.6393,4.5717,FALSE
ORCL,16.1775,3.2144,1.646,7.4194,2.7,28.9417,4.0927,4.1184,3.2092,2.6715,FALSE
DECK,10.894,1.576,1.941,3.2751,3.02,29.2857,1.4327,6.0118,1.5783,0.2343,FALSE
LGND,78.5908,5.8708,0.766,2.3459,8.66,0,10.1349,5.309,5.864,6.8567,FALSE
FLO,22.3661,3.4783,2.102,5.4445,2.47,69.8057,0.7241,5.9847,3.4766,2.1475,FALSE
CR,11.195,2.4271,1.591,6.8638,1.84,29.4479,0.7036,3.9137,2.4252,2.3453,FALSE
DLX,11.3289,3.4251,1.343,10.2648,15.42,24.9431,0.2478,7.3055,3.4391,1.4035,FALSE
WOR,14.0125,2.4718,0,12.9274,5.95,51.6329,0.9623,3.6035,2.5167,6.073,FALSE
TASR,42.6021,5.2562,1.256,4.9155,9.34,0,3.6046,9.678,5.2514,0.0042,TRUE
WGO,10.9001,1.8306,1.931,0.0388,9.26,31.5214,1.4336,,1.8292,0,FALSE
SAM,24.8592,4.9864,1.32,3.9811,10.65,28.7962,1.1981,11.418,5.049,0.0027,FALSE
TUP,11.7949,14.6611,0.951,6.9772,6.3,59.105,0.3624,3.5027,14.6379,2.041,FALSE
ACXM,106.867,2.15,2.725,3.4351,7.18,,1.5882,3.0298,2.1537,2.305,TRUE
MMS,21.3755,4.9463,0.959,1.8006,3.43,11.1539,1.594,7.897,4.9463,0.8252,TRUE
